Workbook

Sheet FINAL FINAL
C2: Results | E2: Morality metrics
B3: Name | C3: Avg. Score | D3: Wins (%) | E3: Cooperation Rating | F3: Good Partner Rating | G3: Eigenjesus Rating | H3: Eigenmoses Rating
B4: Evolved FSM 6 | C4: =VLOOKUP(B4,Kompilirano!T:Z,7,FALSE)/226/5 -> 577.07611 | D4: =VLOOKUP(B4,Kompilirano!J:P,7,FALSE)/226/5 -> 0.034513274 | E4: =VLOOKUP(B4,Kompilirano!AM:AS,7,FALSE) -> 0.79 (0.00) | F4: =VLOOKUP(B4,Kompilirano!AW:BD,7,FALSE) -> 0.83 (0.00) | G4: =VLOOKUP(B4,Kompilirano!BG:BM,7,FALSE) -> 0.08 (0.00) | H4: =VLOOKUP(B4,Kompilirano!BQ:BW,7,FALSE) -> 0.08 (0.00)
B5: EvolvedLookerUp2_2_2 | C5: =VLOOKUP(B5,Kompilirano!T:Z,7,FALSE)/226/5 -> 575.93097 | D5: =VLOOKUP(B5,Kompilirano!J:P,7,FALSE)/226/5 -> 0.043539823 | E5: =VLOOKUP(B5,Kompilirano!AM:AS,7,FALSE) -> 0.75 (0.01) | F5: =VLOOKUP(B5,Kompilirano!AW:BD,7,FALSE) -> 0.78 (0.01) | G5: =VLOOKUP(B5,Kompilirano!BG:BM,7,FALSE) -> 0.07 (0.00) | H5: =VLOOKUP(B5,Kompilirano!BQ:BW,7,FALSE) -> 0.07 (0.00)
B6: Fuzzy | C6: =VLOOKUP(B6,Kompilirano!T:Z,7,FALSE)/226/5 -> 575.57522 | D6: =VLOOKUP(B6,Kompilirano!J:P,7,FALSE)/226/5 -> 0.043185841 | E6: =VLOOKUP(B6,Kompilirano!AM:AS,7,FALSE) -> 0.75 (0.01) | F6: =VLOOKUP(B6,Kompilirano!AW:BD,7,FALSE) -> 0.78 (0.01) | G6: =VLOOKUP(B6,Kompilirano!BG:BM,7,FALSE) -> 0.07 (0.00) | H6: =VLOOKUP(B6,Kompilirano!BQ:BW,7,FALSE) -> 0.07 (0.00)
B7: Evolved HMM 5 | C7: =VLOOKUP(B7,Kompilirano!T:Z,7,FALSE)/226/5 -> 571.0708 | D7: =VLOOKUP(B7,Kompilirano!J:P,7,FALSE)/226/5 -> 0.039469027 | E7: =VLOOKUP(B7,Kompilirano!AM:AS,7,FALSE) -> 0.76 (0.01) | F7: =VLOOKUP(B7,Kompilirano!AW:BD,7,FALSE) -> 0.80 (0.01) | G7: =VLOOKUP(B7,Kompilirano!BG:BM,7,FALSE) -> 0.07 (0.00) | H7: =VLOOKUP(B7,Kompilirano!BQ:BW,7,FALSE) -> 0.07 (0.00)
B8: Evolved FSM 16 | C8: =VLOOKUP(B8,Kompilirano!T:Z,7,FALSE)/226/5 -> 569.92743 | D8: =VLOOKUP(B8,Kompilirano!J:P,7,FALSE)/226/5 -> 0.056106195 | E8: =VLOOKUP(B8,Kompilirano!AM:AS,7,FALSE) -> 0.72 (0.00) | F8: =VLOOKUP(B8,Kompilirano!AW:BD,7,FALSE) -> 0.72 (0.01) | G8: =VLOOKUP(B8,Kompilirano!BG:BM,7,FALSE) -> 0.07 (0.00) | H8: =VLOOKUP(B8,Kompilirano!BQ:BW,7,FALSE) -> 0.07 (0.00)
B9: PSO Gambler 1_1_1 | C9: =VLOOKUP(B9,Kompilirano!T:Z,7,FALSE)/226/5 -> 568.48407 | D9: =VLOOKUP(B9,Kompilirano!J:P,7,FALSE)/226/5 -> 0.045132743 | E9: =VLOOKUP(B9,Kompilirano!AM:AS,7,FALSE) -> 0.72 (0.01) | F9: =VLOOKUP(B9,Kompilirano!AW:BD,7,FALSE) -> 0.77 (0.01) | G9: =VLOOKUP(B9,Kompilirano!BG:BM,7,FALSE) -> 0.07 (0.00) | H9: =VLOOKUP(B9,Kompilirano!BQ:BW,7,FALSE) -> 0.08 (0.00)
B10: Evolved ANN | C10: =VLOOKUP(B10,Kompilirano!T:Z,7,FALSE)/226/5 -> 568.23717 | D10: =VLOOKUP(B10,Kompilirano!J:P,7,FALSE)/226/5 -> 0.040176991 | E10: =VLOOKUP(B10,Kompilirano!AM:AS,7,FALSE) -> 0.74 (0.00) | F10: =VLOOKUP(B10,Kompilirano!AW:BD,7,FALSE) -> 0.80 (0.00) | G10: =VLOOKUP(B10,Kompilirano!BG:BM,7,FALSE) -> 0.08 (0.00) | H10: =VLOOKUP(B10,Kompilirano!BQ:BW,7,FALSE) -> 0.09 (0.00)
B11: Evolved FSM 16 Noise 05 | C11: =VLOOKUP(B11,Kompilirano!T:Z,7,FALSE)/226/5 -> 567.85221 | D11: =VLOOKUP(B11,Kompilirano!J:P,7,FALSE)/226/5 -> 0.040353982 | E11: =VLOOKUP(B11,Kompilirano!AM:AS,7,FALSE) -> 0.73 (0.00) | F11: =VLOOKUP(B11,Kompilirano!AW:BD,7,FALSE) -> 0.80 (0.01) | G11: =VLOOKUP(B11,Kompilirano!BG:BM,7,FALSE) -> 0.07 (0.00) | H11: =VLOOKUP(B11,Kompilirano!BQ:BW,7,FALSE) -> 0.08 (0.00)
B12: Evolved ANN 5 | C12: =VLOOKUP(B12,Kompilirano!T:Z,7,FALSE)/226/5 -> 565.76991 | D12: =VLOOKUP(B12,Kompilirano!J:P,7,FALSE)/226/5 -> 0.039292035 | E12: =VLOOKUP(B12,Kompilirano!AM:AS,7,FALSE) -> 0.72 (0.01) | F12: =VLOOKUP(B12,Kompilirano!AW:BD,7,FALSE) -> 0.80 (0.01) | G12: =VLOOKUP(B12,Kompilirano!BG:BM,7,FALSE) -> 0.07 (0.00) | H12: =VLOOKUP(B12,Kompilirano!BQ:BW,7,FALSE) -> 0.08 (0.00)
B13: Evolved FSM 4 | C13: =VLOOKUP(B13,Kompilirano!T:Z,7,FALSE)/226/5 -> 564.26106 | D13: =VLOOKUP(B13,Kompilirano!J:P,7,FALSE)/226/5 -> 0.033097345 | E13: =VLOOKUP(B13,Kompilirano!AM:AS,7,FALSE) -> 0.79 (0.00) | F13: =VLOOKUP(B13,Kompilirano!AW:BD,7,FALSE) -> 0.83 (0.01) | G13: =VLOOKUP(B13,Kompilirano!BG:BM,7,FALSE) -> 0.07 (0.00) | H13: =VLOOKUP(B13,Kompilirano!BQ:BW,7,FALSE) -> 0.07 (0.00)
B14: PSO Gambler 2_2_2 | C14: =VLOOKUP(B14,Kompilirano!T:Z,7,FALSE)/226/5 -> 563.56018 | D14: =VLOOKUP(B14,Kompilirano!J:P,7,FALSE)/226/5 -> 0.037699115 | E14: =VLOOKUP(B14,Kompilirano!AM:AS,7,FALSE) -> 0.70 (0.01) | F14: =VLOOKUP(B14,Kompilirano!AW:BD,7,FALSE) -> 0.81 (0.00) | G14: =VLOOKUP(B14,Kompilirano!BG:BM,7,FALSE) -> 0.07 (0.00) | H14: =VLOOKUP(B14,Kompilirano!BQ:BW,7,FALSE) -> 0.07 (0.00)
B15: PSO Gambler Mem1 | C15: =VLOOKUP(B15,Kompilirano!T:Z,7,FALSE)/226/5 -> 560.42832 | D15: =VLOOKUP(B15,Kompilirano!J:P,7,FALSE)/226/5 -> 0.040707965 | E15: =VLOOKUP(B15,Kompilirano!AM:AS,7,FALSE) -> 0.74 (0.01) | F15: =VLOOKUP(B15,Kompilirano!AW:BD,7,FALSE) -> 0.80 (0.01) | G15: =VLOOKUP(B15,Kompilirano!BG:BM,7,FALSE) -> 0.07 (0.00) | H15: =VLOOKUP(B15,Kompilirano!BQ:BW,7,FALSE) -> 0.08 (0.00)
... B230: Defector | C230: =VLOOKUP(B230,Kompilirano!T:Z,7,FALSE)/226/5 -> 359.18584 | D230: =VLOOKUP(B230,Kompilirano!J:P,7,FALSE)/226/5 -> 0.18672566 | E230: =VLOOKUP(B230,Kompilirano!AM:AS,7,FALSE) -> 0.00 (0.00) | F230: =VLOOKUP(B230,Kompilirano!AW:BD,7,FALSE) -> 0.07 (0.00) | G230: =VLOOKUP(B230,Kompilirano!BG:BM,7,FALSE) -> 0.00 (0.00) | H230: =VLOOKUP(B230,Kompilirano!BQ:BW,7,FALSE) -> -0.08 (0.00)

Sheet Kompilirano
A2: Name | B2: Rank 1 | C2: Rank 2 | D2: Rank 3 | E2: Rank 4 | F2: Rank 5 | G2: Avg | H2: SD | J2: Name | K2: Wins 1 | L2: Wins 2 | M2: Wins 3 | N2: Wins 4 | O2: Wins 5 | P2: Avg | Q2: SD | T2: Name | U2: Total Score 1 | V2: Total Score 2 | W2: Total Score 3 | X2: Total Score 4 | Y2: Total Score 5 | AA2: Avg | AB2: SD | AD2: Name | AE2: #Cooperations 1 | AF2: #Cooperations 2 | AG2: #Cooperations 3 | AH2: #Cooperations 4 | AI2: #Cooperations 5 | AJ2: Avg | AK2: SD | AM2: Name | AN2: CoopRating 1 | AO2: CoopRating 2 | AP2: CoopRating 3 | AQ2: CoopRating 4 | AR2: CoopRating 5 | AT2: Avg | AU2: SD | AW2: Name | AX2: GP Rating 1 | AY2: GP Rating 2 | AZ2: GP Rating 3 | BA2: GP Rating 4 | BB2: GP Rating 5 | BD2: Avg | BE2: SD | BG2: Name | BH2: EJ Rating 1 | BI2: EJ Rating 2 | BJ2: EJ Rating 3 | BK2: EJ Rating 4 | BL2: EJ Rating 5 | BN2: Avg | BO2: SD | BQ2: Name | BR2: EM Rating 1 | BS2: EM Rating 2 | BT2: EM Rating 3 | BU2: EM Rating 4 | BV2: EM Rating 5 | BX2: Avg | BY2: SD
A3: Evolved FSM 6 | B3: =+VLOOKUP($A3,INDIRECT(Adrese!B$2),2,FALSE) -> 1 | C3: =+VLOOKUP($A3,INDIRECT(Adrese!C$2),2,FALSE) -> 1 | D3: =+VLOOKUP($A3,INDIRECT(Adrese!D$2),2,FALSE) -> 3 | E3: =+VLOOKUP($A3,INDIRECT(Adrese!E$2),2,FALSE) -> 1 | F3: =+VLOOKUP($A3,INDIRECT(Adrese!F$2),2,FALSE) -> 1 | G3: =AVERAGE(B3:F3) -> 1.4 | H3: =+_xlfn.STDEV.S(B3:F3) -> 0.89442719 | J3: Evolved FSM 6 | K3: =+VLOOKUP($A3,INDIRECT(Adrese!B$2),3,FALSE) -> 39 | L3: =+VLOOKUP($A3,INDIRECT(Adrese!C$2),3,FALSE) -> 40 | M3: =+VLOOKUP($A3,INDIRECT(Adrese!D$2),3,FALSE) -> 38 | N3: =+VLOOKUP($A3,INDIRECT(Adrese!E$2),3,FALSE) -> 38 | O3: =+VLOOKUP($A3,INDIRECT(Adrese!F$2),3,FALSE) -> 40 | P3: =AVERAGE(K3:O3) -> 39 | Q3: =+_xlfn.STDEV.S(K3:O3) -> 1 | T3: Evolved FSM 6 | U3: =+VLOOKUP($T3,INDIRECT(Adrese!B$2),4,FALSE) -> 130681 | V3: =+VLOOKUP($T3,INDIRECT(Adrese!C$2),4,FALSE) -> 130763 | W3: =+VLOOKUP($T3,INDIRECT(Adrese!D$2),4,FALSE) -> 130318 | X3: =+VLOOKUP($T3,INDIRECT(Adrese!E$2),4,FALSE) -> 130483 | Y3: =+VLOOKUP($T3,INDIRECT(Adrese!F$2),4,FALSE) -> 129851 | Z3: =SUM(U3:Y3) -> 652096 | AA3: =AVERAGE(U3:Y3) -> 130419.2 | AB3: =+_xlfn.STDEV.S(U3:Y3) -> 361.90496 | AD3: Evolved FSM 6 | AE3: =+VLOOKUP($A3,INDIRECT(Adrese!B$2),5,FALSE) -> 36331 | AF3: =+VLOOKUP($A3,INDIRECT(Adrese!C$2),5,FALSE) -> 36067 | AG3: =+VLOOKUP($A3,INDIRECT(Adrese!D$2),5,FALSE) -> 36177 | AH3: =+VLOOKUP($A3,INDIRECT(Adrese!E$2),5,FALSE) -> 35976 | AI3: =+VLOOKUP($A3,INDIRECT(Adrese!F$2),5,FALSE) -> 36095 | AJ3: =AVERAGE(AE3:AI3) -> 36129.2 | AK3: =+_xlfn.STDEV.S(AE3:AI3) -> 133.71313 | AM3: Evolved FSM 6 | AN3: =+VLOOKUP($A3,INDIRECT(Adrese!B$2),6,FALSE) -> 0.79935841 | AO3: =+VLOOKUP($A3,INDIRECT(Adrese!C$2),6,FALSE) -> 0.7935177 | AP3: =+VLOOKUP($A3,INDIRECT(Adrese!D$2),6,FALSE) -> 0.79595133 | AQ3: =+VLOOKUP($A3,INDIRECT(Adrese!E$2),6,FALSE) -> 0.79150442 | AR3: =+VLOOKUP($A3,INDIRECT(Adrese!F$2),6,FALSE) -> 0.79413717 | AS3: =TEXT(AT3,"0.00")&" ("&TEXT(AU3,"0.00")&")" -> 0.79 (0.00) | AT3: =AVERAGE(AN3:AR3) -> 0.79489381 | AU3: =+_xlfn.STDEV.S(AN3:AR3) -> 0.0029582549 | AW3: Evolved FSM 6 | AX3: =+VLOOKUP($A3,INDIRECT(Adrese!B$2),7,FALSE) -> 0.82743363 | AY3: =+VLOOKUP($A3,INDIRECT(Adrese!C$2),7,FALSE) -> 0.82300885 | AZ3: =+VLOOKUP($A3,INDIRECT(Adrese!D$2),7,FALSE) -> 0.83185841 | BA3: =+VLOOKUP($A3,INDIRECT(Adrese!E$2),7,FALSE) -> 0.83185841 | BB3: =+VLOOKUP($A3,INDIRECT(Adrese!F$2),7,FALSE) -> 0.82300885 | BC3: =TEXT(BD3,"0.00")&" ("&TEXT(BE3,"0.00")&")" -> 0.83 (0.00) | BD3: =AVERAGE(AX3:BB3) -> 0.82743363 | BE3: =+_xlfn.STDEV.S(AX3:BB3) -> 0.0044247785 | BG3: Evolved FSM 6 | BH3: =+VLOOKUP($BG3,INDIRECT(Adrese!B$2),8,FALSE) -> 0.077202708 | BI3: =+VLOOKUP($BG3,INDIRECT(Adrese!C$2),8,FALSE) -> 0.076545565 | BJ3: =+VLOOKUP($BG3,INDIRECT(Adrese!D$2),8,FALSE) -> 0.076963271 | BK3: =+VLOOKUP($BG3,INDIRECT(Adrese!E$2),8,FALSE) -> 0.076409529 | BL3: =+VLOOKUP($BG3,INDIRECT(Adrese!F$2),8,FALSE) -> 0.076995128 | BM3: =TEXT(BN3,"0.00")&" ("&TEXT(BO3,"0.00")&")" -> 0.08 (0.00) | BN3: =AVERAGE(BH3:BL3) -> 0.07682324 | BO3: =+_xlfn.STDEV.S(BH3:BL3) -> 0.0003321937 | BQ3: Evolved FSM 6 | BR3: =+VLOOKUP($BG3,INDIRECT(Adrese!B$2),9,FALSE) -> 0.076680846 | BS3: =+VLOOKUP($BG3,INDIRECT(Adrese!C$2),9,FALSE) -> 0.075418539 | BT3: =+VLOOKUP($BG3,INDIRECT(Adrese!D$2),9,FALSE) -> 0.076136473 | BU3: =+VLOOKUP($BG3,INDIRECT(Adrese!E$2),9,FALSE) -> 0.075411405 | BV3: =+VLOOKUP($BG3,INDIRECT(Adrese!F$2),9,FALSE) -> 0.07690471 | BW3: =TEXT(BX3,"0.00")&" ("&TEXT(BY3,"0.00")&")" -> 0.08 (0.00) | BX3: =AVERAGE(BR3:BV3) -> 0.076110395 | BY3: =+_xlfn.STDEV.S(BR3:BV3) -> 0.00069359252
A4: EvolvedLookerUp2_2_2 | B4: =+VLOOKUP($A4,INDIRECT(Adrese!B$2),2,FALSE) -> 3 | C4: =+VLOOKUP($A4,INDIRECT(Adrese!C$2),2,FALSE) -> 2 | D4: =+VLOOKUP($A4,INDIRECT(Adrese!D$2),2,FALSE) -> 1 | E4: =+VLOOKUP($A4,INDIRECT(Adrese!E$2),2,FALSE) -> 4 | F4: =+VLOOKUP($A4,INDIRECT(Adrese!F$2),2,FALSE) -> 2 | G4: =AVERAGE(B4:F4) -> 2.4 | H4: =+_xlfn.STDEV.S(B4:F4) -> 1.1401754 | J4: EvolvedLookerUp2_2_2 | K4: =+VLOOKUP($A4,INDIRECT(Adrese!B$2),3,FALSE) -> 46 | L4: =+VLOOKUP($A4,INDIRECT(Adrese!C$2),3,FALSE) -> 50 | M4: =+VLOOKUP($A4,INDIRECT(Adrese!D$2),3,FALSE) -> 49 | N4: =+VLOOKUP($A4,INDIRECT(Adrese!E$2),3,FALSE) -> 51 | O4: =+VLOOKUP($A4,INDIRECT(Adrese!F$2),3,FALSE) -> 50 | P4: =AVERAGE(K4:O4) -> 49.2 | Q4: =+_xlfn.STDEV.S(K4:O4) -> 1.9235384 | T4: EvolvedLookerUp2_2_2 | U4: =+VLOOKUP($T4,INDIRECT(Adrese!B$2),4,FALSE) -> 130248 | V4: =+VLOOKUP($T4,INDIRECT(Adrese!C$2),4,FALSE) -> 130131 | W4: =+VLOOKUP($T4,INDIRECT(Adrese!D$2),4,FALSE) -> 130631 | X4: =+VLOOKUP($T4,INDIRECT(Adrese!E$2),4,FALSE) -> 130042 | Y4: =+VLOOKUP($T4,INDIRECT(Adrese!F$2),4,FALSE) -> 129750 | Z4: =SUM(U4:Y4) -> 650802 | AA4: =AVERAGE(U4:Y4) -> 130160.4 | AB4: =+_xlfn.STDEV.S(U4:Y4) -> 321.11104 | AD4: EvolvedLookerUp2_2_2 | AE4: =+VLOOKUP($A4,INDIRECT(Adrese!B$2),5,FALSE) -> 34404 | AF4: =+VLOOKUP($A4,INDIRECT(Adrese!C$2),5,FALSE) -> 33876 | AG4: =+VLOOKUP($A4,INDIRECT(Adrese!D$2),5,FALSE) -> 34206 | AH4: =+VLOOKUP($A4,INDIRECT(Adrese!E$2),5,FALSE) -> 33518 | AI4: =+VLOOKUP($A4,INDIRECT(Adrese!F$2),5,FALSE) -> 33871 | AJ4: =AVERAGE(AE4:AI4) -> 33975 | AK4: =+_xlfn.STDEV.S(AE4:AI4) -> 341.6387 | AM4: EvolvedLookerUp2_2_2 | AN4: =+VLOOKUP($A4,INDIRECT(Adrese!B$2),6,FALSE) -> 0.75672566 | AO4: =+VLOOKUP($A4,INDIRECT(Adrese!C$2),6,FALSE) -> 0.74504425 | AP4: =+VLOOKUP($A4,INDIRECT(Adrese!D$2),6,FALSE) -> 0.75234513 | AQ4: =+VLOOKUP($A4,INDIRECT(Adrese!E$2),6,FALSE) -> 0.73712389 | AR4: =+VLOOKUP($A4,INDIRECT(Adrese!F$2),6,FALSE) -> 0.74493363 | AS4: =TEXT(AT4,"0.00")&" ("&TEXT(AU4,"0.00")&")" -> 0.75 (0.01) | AT4: =AVERAGE(AN4:AR4) -> 0.74723451 | AU4: =+_xlfn.STDEV.S(AN4:AR4) -> 0.0075583783 | AW4: EvolvedLookerUp2_2_2 | AX4: =+VLOOKUP($A4,INDIRECT(Adrese!B$2),7,FALSE) -> 0.79646018 | AY4: =+VLOOKUP($A4,INDIRECT(Adrese!C$2),7,FALSE) -> 0.77876106 | AZ4: =+VLOOKUP($A4,INDIRECT(Adrese!D$2),7,FALSE) -> 0.78318584 | BA4: =+VLOOKUP($A4,INDIRECT(Adrese!E$2),7,FALSE) -> 0.77433628 | BB4: =+VLOOKUP($A4,INDIRECT(Adrese!F$2),7,FALSE) -> 0.77876106 | BC4: =TEXT(BD4,"0.00")&" ("&TEXT(BE4,"0.00")&")" -> 0.78 (0.01) | BD4: =AVERAGE(AX4:BB4) -> 0.78230088 | BE4: =+_xlfn.STDEV.S(AX4:BB4) -> 0.0085112319 | BG4: EvolvedLookerUp2_2_2 | BH4: =+VLOOKUP($BG4,INDIRECT(Adrese!B$2),8,FALSE) -> 0.073698667 | BI4: =+VLOOKUP($BG4,INDIRECT(Adrese!C$2),8,FALSE) -> 0.072603384 | BJ4: =+VLOOKUP($BG4,INDIRECT(Adrese!D$2),8,FALSE) -> 0.073274058 | BK4: =+VLOOKUP($BG4,INDIRECT(Adrese!E$2),8,FALSE) -> 0.072419428 | BL4: =+VLOOKUP($BG4,INDIRECT(Adrese!F$2),8,FALSE) -> 0.07311383 | BM4: =TEXT(BN4,"0.00")&" ("&TEXT(BO4,"0.00")&")" -> 0.07 (0.00) | BN4: =AVERAGE(BH4:BL4) -> 0.073021873 | BO4: =+_xlfn.STDEV.S(BH4:BL4) -> 0.00051676307 | BQ4: EvolvedLookerUp2_2_2 | BR4: =+VLOOKUP($BG4,INDIRECT(Adrese!B$2),9,FALSE) -> 0.072413107 | BS4: =+VLOOKUP($BG4,INDIRECT(Adrese!C$2),9,FALSE) -> 0.070961915 | BT4: =+VLOOKUP($BG4,INDIRECT(Adrese!D$2),9,FALSE) -> 0.07146657 | BU4: =+VLOOKUP($BG4,INDIRECT(Adrese!E$2),9,FALSE) -> 0.072007053 | BV4: =+VLOOKUP($BG4,INDIRECT(Adrese!F$2),9,FALSE) -> 0.072808787 | BW4: =TEXT(BX4,"0.00")&" ("&TEXT(BY4,"0.00")&")" -> 0.07 (0.00) | BX4: =AVERAGE(BR4:BV4) -> 0.071931486 | BY4: =+_xlfn.STDEV.S(BR4:BV4) -> 0.00073544907
A5: Fuzzy | B5: =+VLOOKUP($A5,INDIRECT(Adrese!B$2),2,FALSE) -> 2 | C5: =+VLOOKUP($A5,INDIRECT(Adrese!C$2),2,FALSE) -> 3 | D5: =+VLOOKUP($A5,INDIRECT(Adrese!D$2),2,FALSE) -> 2 | E5: =+VLOOKUP($A5,INDIRECT(Adrese!E$2),2,FALSE) -> 3 | F5: =+VLOOKUP($A5,INDIRECT(Adrese!F$2),2,FALSE) -> 3 | G5: =AVERAGE(B5:F5) -> 2.6 | H5: =+_xlfn.STDEV.S(B5:F5) -> 0.54772256 | J5: Fuzzy | K5: =+VLOOKUP($A5,INDIRECT(Adrese!B$2),3,FALSE) -> 47 | L5: =+VLOOKUP($A5,INDIRECT(Adrese!C$2),3,FALSE) -> 50 | M5: =+VLOOKUP($A5,INDIRECT(Adrese!D$2),3,FALSE) -> 47 | N5: =+VLOOKUP($A5,INDIRECT(Adrese!E$2),3,FALSE) -> 51 | O5: =+VLOOKUP($A5,INDIRECT(Adrese!F$2),3,FALSE) -> 49 | P5: =AVERAGE(K5:O5) -> 48.8 | Q5: =+_xlfn.STDEV.S(K5:O5) -> 1.7888544 | T5: Fuzzy | U5: =+VLOOKUP($T5,INDIRECT(Adrese!B$2),4,FALSE) -> 130630 | V5: =+VLOOKUP($T5,INDIRECT(Adrese!C$2),4,FALSE) -> 129322 | W5: =+VLOOKUP($T5,INDIRECT(Adrese!D$2),4,FALSE) -> 130591 | X5: =+VLOOKUP($T5,INDIRECT(Adrese!E$2),4,FALSE) -> 130138 | Y5: =+VLOOKUP($T5,INDIRECT(Adrese!F$2),4,FALSE) -> 129719 | Z5: =SUM(U5:Y5) -> 650400 | AA5: =AVERAGE(U5:Y5) -> 130080 | AB5: =+_xlfn.STDEV.S(U5:Y5) -> 563.88607 | AD5: Fuzzy | AE5: =+VLOOKUP($A5,INDIRECT(Adrese!B$2),5,FALSE) -> 34561 | AF5: =+VLOOKUP($A5,INDIRECT(Adrese!C$2),5,FALSE) -> 33658 | AG5: =+VLOOKUP($A5,INDIRECT(Adrese!D$2),5,FALSE) -> 34055 | AH5: =+VLOOKUP($A5,INDIRECT(Adrese!E$2),5,FALSE) -> 33648 | AI5: =+VLOOKUP($A5,INDIRECT(Adrese!F$2),5,FALSE) -> 34151 | AJ5: =AVERAGE(AE5:AI5) -> 34014.6 | AK5: =+_xlfn.STDEV.S(AE5:AI5) -> 380.90327 | AM5: Fuzzy | AN5: =+VLOOKUP($A5,INDIRECT(Adrese!B$2),6,FALSE) -> 0.76019912 | AO5: =+VLOOKUP($A5,INDIRECT(Adrese!C$2),6,FALSE) -> 0.74022124 | AP5: =+VLOOKUP($A5,INDIRECT(Adrese!D$2),6,FALSE) -> 0.74900442 | AQ5: =+VLOOKUP($A5,INDIRECT(Adrese!E$2),6,FALSE) -> 0.74 | AR5: =+VLOOKUP($A5,INDIRECT(Adrese!F$2),6,FALSE) -> 0.75112832 | AS5: =TEXT(AT5,"0.00")&" ("&TEXT(AU5,"0.00")&")" -> 0.75 (0.01) | AT5: =AVERAGE(AN5:AR5) -> 0.74811062 | AU5: =+_xlfn.STDEV.S(AN5:AR5) -> 0.0084270635 | AW5: Fuzzy | AX5: =+VLOOKUP($A5,INDIRECT(Adrese!B$2),7,FALSE) -> 0.7920354 | AY5: =+VLOOKUP($A5,INDIRECT(Adrese!C$2),7,FALSE) -> 0.77876106 | AZ5: =+VLOOKUP($A5,INDIRECT(Adrese!D$2),7,FALSE) -> 0.7920354 | BA5: =+VLOOKUP($A5,INDIRECT(Adrese!E$2),7,FALSE) -> 0.77433628 | BB5: =+VLOOKUP($A5,INDIRECT(Adrese!F$2),7,FALSE) -> 0.78318584 | BC5: =TEXT(BD5,"0.00")&" ("&TEXT(BE5,"0.00")&")" -> 0.78 (0.01) | BD5: =AVERAGE(AX5:BB5) -> 0.7840708 | BE5: =+_xlfn.STDEV.S(AX5:BB5) -> 0.0079152849 | BG5: Fuzzy | BH5: =+VLOOKUP($BG5,INDIRECT(Adrese!B$2),8,FALSE) -> 0.074616941 | BI5: =+VLOOKUP($BG5,INDIRECT(Adrese!C$2),8,FALSE) -> 0.072782783 | BJ5: =+VLOOKUP($BG5,INDIRECT(Adrese!D$2),8,FALSE) -> 0.07337504 | BK5: =+VLOOKUP($BG5,INDIRECT(Adrese!E$2),8,FALSE) -> 0.072646936 | BL5: =+VLOOKUP($BG5,INDIRECT(Adrese!F$2),8,FALSE) -> 0.073348804 | BM5: =TEXT(BN5,"0.00")&" ("&TEXT(BO5,"0.00")&")" -> 0.07 (0.00) | BN5: =AVERAGE(BH5:BL5) -> 0.073354101 | BO5: =+_xlfn.STDEV.S(BH5:BL5) -> 0.00077809338 | BQ5: Fuzzy | BR5: =+VLOOKUP($BG5,INDIRECT(Adrese!B$2),9,FALSE) -> 0.075916952 | BS5: =+VLOOKUP($BG5,INDIRECT(Adrese!C$2),9,FALSE) -> 0.073557862 | BT5: =+VLOOKUP($BG5,INDIRECT(Adrese!D$2),9,FALSE) -> 0.073468015 | BU5: =+VLOOKUP($BG5,INDIRECT(Adrese!E$2),9,FALSE) -> 0.073133582 | BV5: =+VLOOKUP($BG5,INDIRECT(Adrese!F$2),9,FALSE) -> 0.072831141 | BW5: =TEXT(BX5,"0.00")&" ("&TEXT(BY5,"0.00")&")" -> 0.07 (0.00) | BX5: =AVERAGE(BR5:BV5) -> 0.07378151 | BY5: =+_xlfn.STDEV.S(BR5:BV5) -> 0.0012279477
A6: Evolved HMM 5 | B6: =+VLOOKUP($A6,INDIRECT(Adrese!B$2),2,FALSE) -> 4 | C6: =+VLOOKUP($A6,INDIRECT(Adrese!C$2),2,FALSE) -> 4 | D6: =+VLOOKUP($A6,INDIRECT(Adrese!D$2),2,FALSE) -> 5 | E6: =+VLOOKUP($A6,INDIRECT(Adrese!E$2),2,FALSE) -> 2 | F6: =+VLOOKUP($A6,INDIRECT(Adrese!F$2),2,FALSE) -> 10 | G6: =AVERAGE(B6:F6) -> 5 | H6: =+_xlfn.STDEV.S(B6:F6) -> 3 | J6: Evolved HMM 5 | K6: =+VLOOKUP($A6,INDIRECT(Adrese!B$2),3,FALSE) -> 44 | L6: =+VLOOKUP($A6,INDIRECT(Adrese!C$2),3,FALSE) -> 48 | M6: =+VLOOKUP($A6,INDIRECT(Adrese!D$2),3,FALSE) -> 44 | N6: =+VLOOKUP($A6,INDIRECT(Adrese!E$2),3,FALSE) -> 43 | O6: =+VLOOKUP($A6,INDIRECT(Adrese!F$2),3,FALSE) -> 44 | P6: =AVERAGE(K6:O6) -> 44.6 | Q6: =+_xlfn.STDEV.S(K6:O6) -> 1.9493589 | T6: Evolved HMM 5 | U6: =+VLOOKUP($T6,INDIRECT(Adrese!B$2),4,FALSE) -> 129913 | V6: =+VLOOKUP($T6,INDIRECT(Adrese!C$2),4,FALSE) -> 129306 | W6: =+VLOOKUP($T6,INDIRECT(Adrese!D$2),4,FALSE) -> 128469 | X6: =+VLOOKUP($T6,INDIRECT(Adrese!E$2),4,FALSE) -> 130151 | Y6: =+VLOOKUP($T6,INDIRECT(Adrese!F$2),4,FALSE) -> 127471 | Z6: =SUM(U6:Y6) -> 645310 | AA6: =AVERAGE(U6:Y6) -> 129062 | AB6: =+_xlfn.STDEV.S(U6:Y6) -> 1101.4295 | AD6: Evolved HMM 5 | AE6: =+VLOOKUP($A6,INDIRECT(Adrese!B$2),5,FALSE) -> 34485 | AF6: =+VLOOKUP($A6,INDIRECT(Adrese!C$2),5,FALSE) -> 34017 | AG6: =+VLOOKUP($A6,INDIRECT(Adrese!D$2),5,FALSE) -> 34437 | AH6: =+VLOOKUP($A6,INDIRECT(Adrese!E$2),5,FALSE) -> 34767 | AI6: =+VLOOKUP($A6,INDIRECT(Adrese!F$2),5,FALSE) -> 34165 | AJ6: =AVERAGE(AE6:AI6) -> 34374.2 | AK6: =+_xlfn.STDEV.S(AE6:AI6) -> 292.34774 | AM6: Evolved HMM 5 | AN6: =+VLOOKUP($A6,INDIRECT(Adrese!B$2),6,FALSE) -> 0.7585177 | AO6: =+VLOOKUP($A6,INDIRECT(Adrese!C$2),6,FALSE) -> 0.74816372 | AP6: =+VLOOKUP($A6,INDIRECT(Adrese!D$2),6,FALSE) -> 0.75745575 | AQ6: =+VLOOKUP($A6,INDIRECT(Adrese!E$2),6,FALSE) -> 0.76475664 | AR6: =+VLOOKUP($A6,INDIRECT(Adrese!F$2),6,FALSE) -> 0.75143805 | AS6: =TEXT(AT6,"0.00")&" ("&TEXT(AU6,"0.00")&")" -> 0.76 (0.01) | AT6: =AVERAGE(AN6:AR6) -> 0.75606637 | AU6: =+_xlfn.STDEV.S(AN6:AR6) -> 0.0064678702 | AW6: Evolved HMM 5 | AX6: =+VLOOKUP($A6,INDIRECT(Adrese!B$2),7,FALSE) -> 0.80530973 | AY6: =+VLOOKUP($A6,INDIRECT(Adrese!C$2),7,FALSE) -> 0.78761062 | AZ6: =+VLOOKUP($A6,INDIRECT(Adrese!D$2),7,FALSE) -> 0.80530974 | BA6: =+VLOOKUP($A6,INDIRECT(Adrese!E$2),7,FALSE) -> 0.80973451 | BB6: =+VLOOKUP($A6,INDIRECT(Adrese!F$2),7,FALSE) -> 0.80530974 | BC6: =TEXT(BD6,"0.00")&" ("&TEXT(BE6,"0.00")&")" -> 0.80 (0.01) | BD6: =AVERAGE(AX6:BB6) -> 0.80265487 | BE6: =+_xlfn.STDEV.S(AX6:BB6) -> 0.0086254819 | BG6: Evolved HMM 5 | BH6: =+VLOOKUP($BG6,INDIRECT(Adrese!B$2),8,FALSE) -> 0.074128798 | BI6: =+VLOOKUP($BG6,INDIRECT(Adrese!C$2),8,FALSE) -> 0.073469565 | BJ6: =+VLOOKUP($BG6,INDIRECT(Adrese!D$2),8,FALSE) -> 0.074360905 | BK6: =+VLOOKUP($BG6,INDIRECT(Adrese!E$2),8,FALSE) -> 0.074522093 | BL6: =+VLOOKUP($BG6,INDIRECT(Adrese!F$2),8,FALSE) -> 0.07377705 | BM6: =TEXT(BN6,"0.00")&" ("&TEXT(BO6,"0.00")&")" -> 0.07 (0.00) | BN6: =AVERAGE(BH6:BL6) -> 0.074051682 | BO6: =+_xlfn.STDEV.S(BH6:BL6) -> 0.00042928289 | BQ6: Evolved HMM 5 | BR6: =+VLOOKUP($BG6,INDIRECT(Adrese!B$2),9,FALSE) -> 0.074430934 | BS6: =+VLOOKUP($BG6,INDIRECT(Adrese!C$2),9,FALSE) -> 0.074426252 | BT6: =+VLOOKUP($BG6,INDIRECT(Adrese!D$2),9,FALSE) -> 0.075455245 | BU6: =+VLOOKUP($BG6,INDIRECT(Adrese!E$2),9,FALSE) -> 0.074685259 | BV6: =+VLOOKUP($BG6,INDIRECT(Adrese!F$2),9,FALSE) -> 0.074520972 | BW6: =TEXT(BX6,"0.00")&" ("&TEXT(BY6,"0.00")&")" -> 0.07 (0.00) | BX6: =AVERAGE(BR6:BV6) -> 0.074703732 | BY6: =+_xlfn.STDEV.S(BR6:BV6) -> 0.00043299202
A7: Evolved FSM 16 | B7: =+VLOOKUP($A7,INDIRECT(Adrese!B$2),2,FALSE) -> 5 | C7: =+VLOOKUP($A7,INDIRECT(Adrese!C$2),2,FALSE) -> 6 | D7: =+VLOOKUP($A7,INDIRECT(Adrese!D$2),2,FALSE) -> 4 | E7: =+VLOOKUP($A7,INDIRECT(Adrese!E$2),2,FALSE) -> 8 | F7: =+VLOOKUP($A7,INDIRECT(Adrese!F$2),2,FALSE) -> 4 | G7: =AVERAGE(B7:F7) -> 5.4 | H7: =+_xlfn.STDEV.S(B7:F7) -> 1.6733201 | J7: Evolved FSM 16 | K7: =+VLOOKUP($A7,INDIRECT(Adrese!B$2),3,FALSE) -> 62 | L7: =+VLOOKUP($A7,INDIRECT(Adrese!C$2),3,FALSE) -> 62 | M7: =+VLOOKUP($A7,INDIRECT(Adrese!D$2),3,FALSE) -> 64 | N7: =+VLOOKUP($A7,INDIRECT(Adrese!E$2),3,FALSE) -> 64 | O7: =+VLOOKUP($A7,INDIRECT(Adrese!F$2),3,FALSE) -> 65 | P7: =AVERAGE(K7:O7) -> 63.4 | Q7: =+_xlfn.STDEV.S(K7:O7) -> 1.3416408 | T7: Evolved FSM 16 | U7: =+VLOOKUP($T7,INDIRECT(Adrese!B$2),4,FALSE) -> 129208 | V7: =+VLOOKUP($T7,INDIRECT(Adrese!C$2),4,FALSE) -> 128662 | W7: =+VLOOKUP($T7,INDIRECT(Adrese!D$2),4,FALSE) -> 129190 | X7: =+VLOOKUP($T7,INDIRECT(Adrese!E$2),4,FALSE) -> 128299 | Y7: =+VLOOKUP($T7,INDIRECT(Adrese!F$2),4,FALSE) -> 128659 | Z7: =SUM(U7:Y7) -> 644018 | AA7: =AVERAGE(U7:Y7) -> 128803.6 | AB7: =+_xlfn.STDEV.S(U7:Y7) -> 390.00808 | AD7: Evolved FSM 16 | AE7: =+VLOOKUP($A7,INDIRECT(Adrese!B$2),5,FALSE) -> 32767 | AF7: =+VLOOKUP($A7,INDIRECT(Adrese!C$2),5,FALSE) -> 32811 | AG7: =+VLOOKUP($A7,INDIRECT(Adrese!D$2),5,FALSE) -> 32718 | AH7: =+VLOOKUP($A7,INDIRECT(Adrese!E$2),5,FALSE) -> 32884 | AI7: =+VLOOKUP($A7,INDIRECT(Adrese!F$2),5,FALSE) -> 32618 | AJ7: =AVERAGE(AE7:AI7) -> 32759.6 | AK7: =+_xlfn.STDEV.S(AE7:AI7) -> 99.941483 | AM7: Evolved FSM 16 | AN7: =+VLOOKUP($A7,INDIRECT(Adrese!B$2),6,FALSE) -> 0.72050885 | AO7: =+VLOOKUP($A7,INDIRECT(Adrese!C$2),6,FALSE) -> 0.7214823 | AP7: =+VLOOKUP($A7,INDIRECT(Adrese!D$2),6,FALSE) -> 0.71942478 | AQ7: =+VLOOKUP($A7,INDIRECT(Adrese!E$2),6,FALSE) -> 0.72309735 | AR7: =+VLOOKUP($A7,INDIRECT(Adrese!F$2),6,FALSE) -> 0.71721239 | AS7: =TEXT(AT7,"0.00")&" ("&TEXT(AU7,"0.00")&")" -> 0.72 (0.00) | AT7: =AVERAGE(AN7:AR7) -> 0.72034513 | AU7: =+_xlfn.STDEV.S(AN7:AR7) -> 0.0022110948 | AW7: Evolved FSM 16 | AX7: =+VLOOKUP($A7,INDIRECT(Adrese!B$2),7,FALSE) -> 0.72566372 | AY7: =+VLOOKUP($A7,INDIRECT(Adrese!C$2),7,FALSE) -> 0.72566372 | AZ7: =+VLOOKUP($A7,INDIRECT(Adrese!D$2),7,FALSE) -> 0.71681416 | BA7: =+VLOOKUP($A7,INDIRECT(Adrese!E$2),7,FALSE) -> 0.71681416 | BB7: =+VLOOKUP($A7,INDIRECT(Adrese!F$2),7,FALSE) -> 0.71238938 | BC7: =TEXT(BD7,"0.00")&" ("&TEXT(BE7,"0.00")&")" -> 0.72 (0.01) | BD7: =AVERAGE(AX7:BB7) -> 0.71946903 | BE7: =+_xlfn.STDEV.S(AX7:BB7) -> 0.0059364636 | BG7: Evolved FSM 16 | BH7: =+VLOOKUP($BG7,INDIRECT(Adrese!B$2),8,FALSE) -> 0.070108469 | BI7: =+VLOOKUP($BG7,INDIRECT(Adrese!C$2),8,FALSE) -> 0.070181328 | BJ7: =+VLOOKUP($BG7,INDIRECT(Adrese!D$2),8,FALSE) -> 0.07009061 | BK7: =+VLOOKUP($BG7,INDIRECT(Adrese!E$2),8,FALSE) -> 0.070407925 | BL7: =+VLOOKUP($BG7,INDIRECT(Adrese!F$2),8,FALSE) -> 0.070040165 | BM7: =TEXT(BN7,"0.00")&" ("&TEXT(BO7,"0.00")&")" -> 0.07 (0.00) | BN7: =AVERAGE(BH7:BL7) -> 0.070165699 | BO7: =+_xlfn.STDEV.S(BH7:BL7) -> 0.00014455981 | BQ7: Evolved FSM 16 | BR7: =+VLOOKUP($BG7,INDIRECT(Adrese!B$2),9,FALSE) -> 0.066746666 | BS7: =+VLOOKUP($BG7,INDIRECT(Adrese!C$2),9,FALSE) -> 0.066772286 | BT7: =+VLOOKUP($BG7,INDIRECT(Adrese!D$2),9,FALSE) -> 0.066757733 | BU7: =+VLOOKUP($BG7,INDIRECT(Adrese!E$2),9,FALSE) -> 0.067489967 | BV7: =+VLOOKUP($BG7,INDIRECT(Adrese!F$2),9,FALSE) -> 0.066914373 | BW7: =TEXT(BX7,"0.00")&" ("&TEXT(BY7,"0.00")&")" -> 0.07 (0.00) | BX7: =AVERAGE(BR7:BV7) -> 0.066936205 | BY7: =+_xlfn.STDEV.S(BR7:BV7) -> 0.00031692896
A8: PSO Gambler 1_1_1 | B8: =+VLOOKUP($A8,INDIRECT(Adrese!B$2),2,FALSE) -> 6 | C8: =+VLOOKUP($A8,INDIRECT(Adrese!C$2),2,FALSE) -> 8 | D8: =+VLOOKUP($A8,INDIRECT(Adrese!D$2),2,FALSE) -> 8 | E8: =+VLOOKUP($A8,INDIRECT(Adrese!E$2),2,FALSE) -> 6 | F8: =+VLOOKUP($A8,INDIRECT(Adrese!F$2),2,FALSE) -> 5 | G8: =AVERAGE(B8:F8) -> 6.6 | H8: =+_xlfn.STDEV.S(B8:F8) -> 1.3416408 | J8: PSO Gambler 1_1_1 | K8: =+VLOOKUP($A8,INDIRECT(Adrese!B$2),3,FALSE) -> 51 | L8: =+VLOOKUP($A8,INDIRECT(Adrese!C$2),3,FALSE) -> 52 | M8: =+VLOOKUP($A8,INDIRECT(Adrese!D$2),3,FALSE) -> 51 | N8: =+VLOOKUP($A8,INDIRECT(Adrese!E$2),3,FALSE) -> 49 | O8: =+VLOOKUP($A8,INDIRECT(Adrese!F$2),3,FALSE) -> 52 | P8: =AVERAGE(K8:O8) -> 51 | Q8: =+_xlfn.STDEV.S(K8:O8) -> 1.2247449 | T8: PSO Gambler 1_1_1 | U8: =+VLOOKUP($T8,INDIRECT(Adrese!B$2),4,FALSE) -> 128912 | V8: =+VLOOKUP($T8,INDIRECT(Adrese!C$2),4,FALSE) -> 128370 | W8: =+VLOOKUP($T8,INDIRECT(Adrese!D$2),4,FALSE) -> 127740 | X8: =+VLOOKUP($T8,INDIRECT(Adrese!E$2),4,FALSE) -> 129055 | Y8: =+VLOOKUP($T8,INDIRECT(Adrese!F$2),4,FALSE) -> 128310 | Z8: =SUM(U8:Y8) -> 642387 | AA8: =AVERAGE(U8:Y8) -> 128477.4 | AB8: =+_xlfn.STDEV.S(U8:Y8) -> 525.78874 | AD8: PSO Gambler 1_1_1 | AE8: =+VLOOKUP($A8,INDIRECT(Adrese!B$2),5,FALSE) -> 32603 | AF8: =+VLOOKUP($A8,INDIRECT(Adrese!C$2),5,FALSE) -> 32789 | AG8: =+VLOOKUP($A8,INDIRECT(Adrese!D$2),5,FALSE) -> 32092 | AH8: =+VLOOKUP($A8,INDIRECT(Adrese!E$2),5,FALSE) -> 32821 | AI8: =+VLOOKUP($A8,INDIRECT(Adrese!F$2),5,FALSE) -> 32542 | AJ8: =AVERAGE(AE8:AI8) -> 32569.4 | AK8: =+_xlfn.STDEV.S(AE8:AI8) -> 292.11179 | AM8: PSO Gambler 1_1_1 | AN8: =+VLOOKUP($A8,INDIRECT(Adrese!B$2),6,FALSE) -> 0.71688053 | AO8: =+VLOOKUP($A8,INDIRECT(Adrese!C$2),6,FALSE) -> 0.72099557 | AP8: =+VLOOKUP($A8,INDIRECT(Adrese!D$2),6,FALSE) -> 0.70557522 | AQ8: =+VLOOKUP($A8,INDIRECT(Adrese!E$2),6,FALSE) -> 0.72170354 | AR8: =+VLOOKUP($A8,INDIRECT(Adrese!F$2),6,FALSE) -> 0.71553097 | AS8: =TEXT(AT8,"0.00")&" ("&TEXT(AU8,"0.00")&")" -> 0.72 (0.01) | AT8: =AVERAGE(AN8:AR8) -> 0.71613717 | AU8: =+_xlfn.STDEV.S(AN8:AR8) -> 0.0064626504 | AW8: PSO Gambler 1_1_1 | AX8: =+VLOOKUP($A8,INDIRECT(Adrese!B$2),7,FALSE) -> 0.77433628 | AY8: =+VLOOKUP($A8,INDIRECT(Adrese!C$2),7,FALSE) -> 0.7699115 | AZ8: =+VLOOKUP($A8,INDIRECT(Adrese!D$2),7,FALSE) -> 0.77433628 | BA8: =+VLOOKUP($A8,INDIRECT(Adrese!E$2),7,FALSE) -> 0.78318584 | BB8: =+VLOOKUP($A8,INDIRECT(Adrese!F$2),7,FALSE) -> 0.7699115 | BC8: =TEXT(BD8,"0.00")&" ("&TEXT(BE8,"0.00")&")" -> 0.77 (0.01) | BD8: =AVERAGE(AX8:BB8) -> 0.77433628 | BE8: =+_xlfn.STDEV.S(AX8:BB8) -> 0.0054192254 | BG8: PSO Gambler 1_1_1 | BH8: =+VLOOKUP($BG8,INDIRECT(Adrese!B$2),8,FALSE) -> 0.072026931 | BI8: =+VLOOKUP($BG8,INDIRECT(Adrese!C$2),8,FALSE) -> 0.072270271 | BJ8: =+VLOOKUP($BG8,INDIRECT(Adrese!D$2),8,FALSE) -> 0.071261197 | BK8: =+VLOOKUP($BG8,INDIRECT(Adrese!E$2),8,FALSE) -> 0.072017958 | BL8: =+VLOOKUP($BG8,INDIRECT(Adrese!F$2),8,FALSE) -> 0.071939301 | BM8: =TEXT(BN8,"0.00")&" ("&TEXT(BO8,"0.00")&")" -> 0.07 (0.00) | BN8: =AVERAGE(BH8:BL8) -> 0.071903132 | BO8: =+_xlfn.STDEV.S(BH8:BL8) -> 0.00037970086 | BQ8: PSO Gambler 1_1_1 | BR8: =+VLOOKUP($BG8,INDIRECT(Adrese!B$2),9,FALSE) -> 0.07575804 | BS8: =+VLOOKUP($BG8,INDIRECT(Adrese!C$2),9,FALSE) -> 0.075995524 | BT8: =+VLOOKUP($BG8,INDIRECT(Adrese!D$2),9,FALSE) -> 0.07481221 | BU8: =+VLOOKUP($BG8,INDIRECT(Adrese!E$2),9,FALSE) -> 0.074376339 | BV8: =+VLOOKUP($BG8,INDIRECT(Adrese!F$2),9,FALSE) -> 0.075478143 | BW8: =TEXT(BX8,"0.00")&" ("&TEXT(BY8,"0.00")&")" -> 0.08 (0.00) | BX8: =AVERAGE(BR8:BV8) -> 0.075284051 | BY8: =+_xlfn.STDEV.S(BR8:BV8) -> 0.00067362938
A9: Evolved FSM 16 Noise 05 | B9: =+VLOOKUP($A9,INDIRECT(Adrese!B$2),2,FALSE) -> 7 | C9: =+VLOOKUP($A9,INDIRECT(Adrese!C$2),2,FALSE) -> 7 | D9: =+VLOOKUP($A9,INDIRECT(Adrese!D$2),2,FALSE) -> 7 | E9: =+VLOOKUP($A9,INDIRECT(Adrese!E$2),2,FALSE) -> 5 | F9: =+VLOOKUP($A9,INDIRECT(Adrese!F$2),2,FALSE) -> 9 | G9: =AVERAGE(B9:F9) -> 7 | H9: =+_xlfn.STDEV.S(B9:F9) -> 1.4142136 | J9: Evolved FSM 16 Noise 05 | K9: =+VLOOKUP($A9,INDIRECT(Adrese!B$2),3,FALSE) -> 48 | L9: =+VLOOKUP($A9,INDIRECT(Adrese!C$2),3,FALSE) -> 43 | M9: =+VLOOKUP($A9,INDIRECT(Adrese!D$2),3,FALSE) -> 46 | N9: =+VLOOKUP($A9,INDIRECT(Adrese!E$2),3,FALSE) -> 47 | O9: =+VLOOKUP($A9,INDIRECT(Adrese!F$2),3,FALSE) -> 44 | P9: =AVERAGE(K9:O9) -> 45.6 | Q9: =+_xlfn.STDEV.S(K9:O9) -> 2.0736441 | T9: Evolved FSM 16 Noise 05 | U9: =+VLOOKUP($T9,INDIRECT(Adrese!B$2),4,FALSE) -> 128227 | V9: =+VLOOKUP($T9,INDIRECT(Adrese!C$2),4,FALSE) -> 128404 | W9: =+VLOOKUP($T9,INDIRECT(Adrese!D$2),4,FALSE) -> 127970 | X9: =+VLOOKUP($T9,INDIRECT(Adrese!E$2),4,FALSE) -> 129237 | Y9: =+VLOOKUP($T9,INDIRECT(Adrese!F$2),4,FALSE) -> 127835 | Z9: =SUM(U9:Y9) -> 641673 | AA9: =AVERAGE(U9:Y9) -> 128334.6 | AB9: =+_xlfn.STDEV.S(U9:Y9) -> 550.73887 | AD9: Evolved FSM 16 Noise 05 | AE9: =+VLOOKUP($A9,INDIRECT(Adrese!B$2),5,FALSE) -> 33058 | AF9: =+VLOOKUP($A9,INDIRECT(Adrese!C$2),5,FALSE) -> 33140 | AG9: =+VLOOKUP($A9,INDIRECT(Adrese!D$2),5,FALSE) -> 33086 | AH9: =+VLOOKUP($A9,INDIRECT(Adrese!E$2),5,FALSE) -> 33556 | AI9: =+VLOOKUP($A9,INDIRECT(Adrese!F$2),5,FALSE) -> 33091 | AJ9: =AVERAGE(AE9:AI9) -> 33186.2 | AK9: =+_xlfn.STDEV.S(AE9:AI9) -> 208.82098 | AM9: Evolved FSM 16 Noise 05 | AN9: =+VLOOKUP($A9,INDIRECT(Adrese!B$2),6,FALSE) -> 0.7269469 | AO9: =+VLOOKUP($A9,INDIRECT(Adrese!C$2),6,FALSE) -> 0.72876106 | AP9: =+VLOOKUP($A9,INDIRECT(Adrese!D$2),6,FALSE) -> 0.72756637 | AQ9: =+VLOOKUP($A9,INDIRECT(Adrese!E$2),6,FALSE) -> 0.7379646 | AR9: =+VLOOKUP($A9,INDIRECT(Adrese!F$2),6,FALSE) -> 0.72767699 | AS9: =TEXT(AT9,"0.00")&" ("&TEXT(AU9,"0.00")&")" -> 0.73 (0.00) | AT9: =AVERAGE(AN9:AR9) -> 0.72978319 | AU9: =+_xlfn.STDEV.S(AN9:AR9) -> 0.0046199332 | AW9: Evolved FSM 16 Noise 05 | AX9: =+VLOOKUP($A9,INDIRECT(Adrese!B$2),7,FALSE) -> 0.78761062 | AY9: =+VLOOKUP($A9,INDIRECT(Adrese!C$2),7,FALSE) -> 0.80973451 | AZ9: =+VLOOKUP($A9,INDIRECT(Adrese!D$2),7,FALSE) -> 0.79646018 | BA9: =+VLOOKUP($A9,INDIRECT(Adrese!E$2),7,FALSE) -> 0.7920354 | BB9: =+VLOOKUP($A9,INDIRECT(Adrese!F$2),7,FALSE) -> 0.80530974 | BC9: =TEXT(BD9,"0.00")&" ("&TEXT(BE9,"0.00")&")" -> 0.80 (0.01) | BD9: =AVERAGE(AX9:BB9) -> 0.79823009 | BE9: =+_xlfn.STDEV.S(AX9:BB9) -> 0.0091754166 | BG9: Evolved FSM 16 Noise 05 | BH9: =+VLOOKUP($BG9,INDIRECT(Adrese!B$2),8,FALSE) -> 0.073902367 | BI9: =+VLOOKUP($BG9,INDIRECT(Adrese!C$2),8,FALSE) -> 0.073995285 | BJ9: =+VLOOKUP($BG9,INDIRECT(Adrese!D$2),8,FALSE) -> 0.07390397 | BK9: =+VLOOKUP($BG9,INDIRECT(Adrese!E$2),8,FALSE) -> 0.074593361 | BL9: =+VLOOKUP($BG9,INDIRECT(Adrese!F$2),8,FALSE) -> 0.07421175 | BM9: =TEXT(BN9,"0.00")&" ("&TEXT(BO9,"0.00")&")" -> 0.07 (0.00) | BN9: =AVERAGE(BH9:BL9) -> 0.074121347 | BO9: =+_xlfn.STDEV.S(BH9:BL9) -> 0.00029243219 | BQ9: Evolved FSM 16 Noise 05 | BR9: =+VLOOKUP($BG9,INDIRECT(Adrese!B$2),9,FALSE) -> 0.080896687 | BS9: =+VLOOKUP($BG9,INDIRECT(Adrese!C$2),9,FALSE) -> 0.08126278 | BT9: =+VLOOKUP($BG9,INDIRECT(Adrese!D$2),9,FALSE) -> 0.080677698 | BU9: =+VLOOKUP($BG9,INDIRECT(Adrese!E$2),9,FALSE) -> 0.081333508 | BV9: =+VLOOKUP($BG9,INDIRECT(Adrese!F$2),9,FALSE) -> 0.082055922 | BW9: =TEXT(BX9,"0.00")&" ("&TEXT(BY9,"0.00")&")" -> 0.08 (0.00) | BX9: =AVERAGE(BR9:BV9) -> 0.081245319 | BY9: =+_xlfn.STDEV.S(BR9:BV9) -> 0.00052652092
A10: Evolved ANN | B10: =+VLOOKUP($A10,INDIRECT(Adrese!B$2),2,FALSE) -> 8 | C10: =+VLOOKUP($A10,INDIRECT(Adrese!C$2),2,FALSE) -> 5 | D10: =+VLOOKUP($A10,INDIRECT(Adrese!D$2),2,FALSE) -> 6 | E10: =+VLOOKUP($A10,INDIRECT(Adrese!E$2),2,FALSE) -> 7 | F10: =+VLOOKUP($A10,INDIRECT(Adrese!F$2),2,FALSE) -> 6 | G10: =AVERAGE(B10:F10) -> 6.4 | H10: =+_xlfn.STDEV.S(B10:F10) -> 1.1401754 | J10: Evolved ANN | K10: =+VLOOKUP($A10,INDIRECT(Adrese!B$2),3,FALSE) -> 46 | L10: =+VLOOKUP($A10,INDIRECT(Adrese!C$2),3,FALSE) -> 45 | M10: =+VLOOKUP($A10,INDIRECT(Adrese!D$2),3,FALSE) -> 45 | N10: =+VLOOKUP($A10,INDIRECT(Adrese!E$2),3,FALSE) -> 46 | O10: =+VLOOKUP($A10,INDIRECT(Adrese!F$2),3,FALSE) -> 45 | P10: =AVERAGE(K10:O10) -> 45.4 | Q10: =+_xlfn.STDEV.S(K10:O10) -> 0.54772256 | T10: Evolved ANN | U10: =+VLOOKUP($T10,INDIRECT(Adrese!B$2),4,FALSE) -> 128023 | V10: =+VLOOKUP($T10,INDIRECT(Adrese!C$2),4,FALSE) -> 128831 | W10: =+VLOOKUP($T10,INDIRECT(Adrese!D$2),4,FALSE) -> 128090 | X10: =+VLOOKUP($T10,INDIRECT(Adrese!E$2),4,FALSE) -> 128940 | Y10: =+VLOOKUP($T10,INDIRECT(Adrese!F$2),4,FALSE) -> 128224 | Z10: =SUM(U10:Y10) -> 642108 | AA10: =AVERAGE(U10:Y10) -> 128421.6 | AB10: =+_xlfn.STDEV.S(U10:Y10) -> 431.34476 | AD10: Evolved ANN | AE10: =+VLOOKUP($A10,INDIRECT(Adrese!B$2),5,FALSE) -> 33186 | AF10: =+VLOOKUP($A10,INDIRECT(Adrese!C$2),5,FALSE) -> 33556 | AG10: =+VLOOKUP($A10,INDIRECT(Adrese!D$2),5,FALSE) -> 33418 | AH10: =+VLOOKUP($A10,INDIRECT(Adrese!E$2),5,FALSE) -> 33676 | AI10: =+VLOOKUP($A10,INDIRECT(Adrese!F$2),5,FALSE) -> 33518 | AJ10: =AVERAGE(AE10:AI10) -> 33470.8 | AK10: =+_xlfn.STDEV.S(AE10:AI10) -> 184.04673 | AM10: Evolved ANN | AN10: =+VLOOKUP($A10,INDIRECT(Adrese!B$2),6,FALSE) -> 0.72977876 | AO10: =+VLOOKUP($A10,INDIRECT(Adrese!C$2),6,FALSE) -> 0.7379646 | AP10: =+VLOOKUP($A10,INDIRECT(Adrese!D$2),6,FALSE) -> 0.7349115 | AQ10: =+VLOOKUP($A10,INDIRECT(Adrese!E$2),6,FALSE) -> 0.74061947 | AR10: =+VLOOKUP($A10,INDIRECT(Adrese!F$2),6,FALSE) -> 0.73712389 | AS10: =TEXT(AT10,"0.00")&" ("&TEXT(AU10,"0.00")&")" -> 0.74 (0.00) | AT10: =AVERAGE(AN10:AR10) -> 0.73607965 | AU10: =+_xlfn.STDEV.S(AN10:AR10) -> 0.0040718304 | AW10: Evolved ANN | AX10: =+VLOOKUP($A10,INDIRECT(Adrese!B$2),7,FALSE) -> 0.79646018 | AY10: =+VLOOKUP($A10,INDIRECT(Adrese!C$2),7,FALSE) -> 0.80088496 | AZ10: =+VLOOKUP($A10,INDIRECT(Adrese!D$2),7,FALSE) -> 0.80088496 | BA10: =+VLOOKUP($A10,INDIRECT(Adrese!E$2),7,FALSE) -> 0.79646018 | BB10: =+VLOOKUP($A10,INDIRECT(Adrese!F$2),7,FALSE) -> 0.80088496 | BC10: =TEXT(BD10,"0.00")&" ("&TEXT(BE10,"0.00")&")" -> 0.80 (0.00) | BD10: =AVERAGE(AX10:BB10) -> 0.79911504 | BE10: =+_xlfn.STDEV.S(AX10:BB10) -> 0.0024235513 | BG10: Evolved ANN | BH10: =+VLOOKUP($BG10,INDIRECT(Adrese!B$2),8,FALSE) -> 0.07512316 | BI10: =+VLOOKUP($BG10,INDIRECT(Adrese!C$2),8,FALSE) -> 0.075586355 | BJ10: =+VLOOKUP($BG10,INDIRECT(Adrese!D$2),8,FALSE) -> 0.075509794 | BK10: =+VLOOKUP($BG10,INDIRECT(Adrese!E$2),8,FALSE) -> 0.075734416 | BL10: =+VLOOKUP($BG10,INDIRECT(Adrese!F$2),8,FALSE) -> 0.075698898 | BM10: =TEXT(BN10,"0.00")&" ("&TEXT(BO10,"0.00")&")" -> 0.08 (0.00) | BN10: =AVERAGE(BH10:BL10) -> 0.075530525 | BO10: =+_xlfn.STDEV.S(BH10:BL10) -> 0.0002446498 | BQ10: Evolved ANN | BR10: =+VLOOKUP($BG10,INDIRECT(Adrese!B$2),9,FALSE) -> 0.085277743 | BS10: =+VLOOKUP($BG10,INDIRECT(Adrese!C$2),9,FALSE) -> 0.085409572 | BT10: =+VLOOKUP($BG10,INDIRECT(Adrese!D$2),9,FALSE) -> 0.085572882 | BU10: =+VLOOKUP($BG10,INDIRECT(Adrese!E$2),9,FALSE) -> 0.085222136 | BV10: =+VLOOKUP($BG10,INDIRECT(Adrese!F$2),9,FALSE) -> 0.085821031 | BW10: =TEXT(BX10,"0.00")&" ("&TEXT(BY10,"0.00")&")" -> 0.09 (0.00) | BX10: =AVERAGE(BR10:BV10) -> 0.085460673 | BY10: =+_xlfn.STDEV.S(BR10:BV10) -> 0.00024260231
A11: Evolved ANN 5 | B11: =+VLOOKUP($A11,INDIRECT(Adrese!B$2),2,FALSE) -> 9 | C11: =+VLOOKUP($A11,INDIRECT(Adrese!C$2),2,FALSE) -> 9 | D11: =+VLOOKUP($A11,INDIRECT(Adrese!D$2),2,FALSE) -> 11 | E11: =+VLOOKUP($A11,INDIRECT(Adrese!E$2),2,FALSE) -> 9 | F11: =+VLOOKUP($A11,INDIRECT(Adrese!F$2),2,FALSE) -> 8 | G11: =AVERAGE(B11:F11) -> 9.2 | H11: =+_xlfn.STDEV.S(B11:F11) -> 1.0954451 | J11: Evolved ANN 5 | K11: =+VLOOKUP($A11,INDIRECT(Adrese!B$2),3,FALSE) -> 42 | L11: =+VLOOKUP($A11,INDIRECT(Adrese!C$2),3,FALSE) -> 44 | M11: =+VLOOKUP($A11,INDIRECT(Adrese!D$2),3,FALSE) -> 42 | N11: =+VLOOKUP($A11,INDIRECT(Adrese!E$2),3,FALSE) -> 47 | O11: =+VLOOKUP($A11,INDIRECT(Adrese!F$2),3,FALSE) -> 47 | P11: =AVERAGE(K11:O11) -> 44.4 | Q11: =+_xlfn.STDEV.S(K11:O11) -> 2.5099801 | T11: Evolved ANN 5 | U11: =+VLOOKUP($T11,INDIRECT(Adrese!B$2),4,FALSE) -> 127587 | V11: =+VLOOKUP($T11,INDIRECT(Adrese!C$2),4,FALSE) -> 128307 | W11: =+VLOOKUP($T11,INDIRECT(Adrese!D$2),4,FALSE) -> 127363 | X11: =+VLOOKUP($T11,INDIRECT(Adrese!E$2),4,FALSE) -> 128112 | Y11: =+VLOOKUP($T11,INDIRECT(Adrese!F$2),4,FALSE) -> 127951 | Z11: =SUM(U11:Y11) -> 639320 | AA11: =AVERAGE(U11:Y11) -> 127864 | AB11: =+_xlfn.STDEV.S(U11:Y11) -> 385.04935 | AD11: Evolved ANN 5 | AE11: =+VLOOKUP($A11,INDIRECT(Adrese!B$2),5,FALSE) -> 33011 | AF11: =+VLOOKUP($A11,INDIRECT(Adrese!C$2),5,FALSE) -> 33118 | AG11: =+VLOOKUP($A11,INDIRECT(Adrese!D$2),5,FALSE) -> 32859 | AH11: =+VLOOKUP($A11,INDIRECT(Adrese!E$2),5,FALSE) -> 32790 | AI11: =+VLOOKUP($A11,INDIRECT(Adrese!F$2),5,FALSE) -> 32421 | AJ11: =AVERAGE(AE11:AI11) -> 32839.8 | AK11: =+_xlfn.STDEV.S(AE11:AI11) -> 266.90204 | AM11: Evolved ANN 5 | AN11: =+VLOOKUP($A11,INDIRECT(Adrese!B$2),6,FALSE) -> 0.72590708 | AO11: =+VLOOKUP($A11,INDIRECT(Adrese!C$2),6,FALSE) -> 0.72827434 | AP11: =+VLOOKUP($A11,INDIRECT(Adrese!D$2),6,FALSE) -> 0.72254425 | AQ11: =+VLOOKUP($A11,INDIRECT(Adrese!E$2),6,FALSE) -> 0.7210177 | AR11: =+VLOOKUP($A11,INDIRECT(Adrese!F$2),6,FALSE) -> 0.71285398 | AS11: =TEXT(AT11,"0.00")&" ("&TEXT(AU11,"0.00")&")" -> 0.72 (0.01) | AT11: =AVERAGE(AN11:AR11) -> 0.72211947 | AU11: =+_xlfn.STDEV.S(AN11:AR11) -> 0.0059049125 | AW11: Evolved ANN 5 | AX11: =+VLOOKUP($A11,INDIRECT(Adrese!B$2),7,FALSE) -> 0.81415929 | AY11: =+VLOOKUP($A11,INDIRECT(Adrese!C$2),7,FALSE) -> 0.80530974 | AZ11: =+VLOOKUP($A11,INDIRECT(Adrese!D$2),7,FALSE) -> 0.81415929 | BA11: =+VLOOKUP($A11,INDIRECT(Adrese!E$2),7,FALSE) -> 0.7920354 | BB11: =+VLOOKUP($A11,INDIRECT(Adrese!F$2),7,FALSE) -> 0.7920354 | BC11: =TEXT(BD11,"0.00")&" ("&TEXT(BE11,"0.00")&")" -> 0.80 (0.01) | BD11: =AVERAGE(AX11:BB11) -> 0.80353982 | BE11: =+_xlfn.STDEV.S(AX11:BB11) -> 0.011106107 | BG11: Evolved ANN 5 | BH11: =+VLOOKUP($BG11,INDIRECT(Adrese!B$2),8,FALSE) -> 0.074337678 | BI11: =+VLOOKUP($BG11,INDIRECT(Adrese!C$2),8,FALSE) -> 0.074674702 | BJ11: =+VLOOKUP($BG11,INDIRECT(Adrese!D$2),8,FALSE) -> 0.074189344 | BK11: =+VLOOKUP($BG11,INDIRECT(Adrese!E$2),8,FALSE) -> 0.073831363 | BL11: =+VLOOKUP($BG11,INDIRECT(Adrese!F$2),8,FALSE) -> 0.073224163 | BM11: =TEXT(BN11,"0.00")&" ("&TEXT(BO11,"0.00")&")" -> 0.07 (0.00) | BN11: =AVERAGE(BH11:BL11) -> 0.07405145 | BO11: =+_xlfn.STDEV.S(BH11:BL11) -> 0.00055277173 | BQ11: Evolved ANN 5 | BR11: =+VLOOKUP($BG11,INDIRECT(Adrese!B$2),9,FALSE) -> 0.08333406 | BS11: =+VLOOKUP($BG11,INDIRECT(Adrese!C$2),9,FALSE) -> 0.084279284 | BT11: =+VLOOKUP($BG11,INDIRECT(Adrese!D$2),9,FALSE) -> 0.083349243 | BU11: =+VLOOKUP($BG11,INDIRECT(Adrese!E$2),9,FALSE) -> 0.08248192 | BV11: =+VLOOKUP($BG11,INDIRECT(Adrese!F$2),9,FALSE) -> 0.081808475 | BW11: =TEXT(BX11,"0.00")&" ("&TEXT(BY11,"0.00")&")" -> 0.08 (0.00) | BX11: =AVERAGE(BR11:BV11) -> 0.083050596 | BY11: =+_xlfn.STDEV.S(BR11:BV11) -> 0.00094147131
A12: Evolved FSM 4 | B12: =+VLOOKUP($A12,INDIRECT(Adrese!B$2),2,FALSE) -> 10 | C12: =+VLOOKUP($A12,INDIRECT(Adrese!C$2),2,FALSE) -> 11 | D12: =+VLOOKUP($A12,INDIRECT(Adrese!D$2),2,FALSE) -> 9 | E12: =+VLOOKUP($A12,INDIRECT(Adrese!E$2),2,FALSE) -> 11 | F12: =+VLOOKUP($A12,INDIRECT(Adrese!F$2),2,FALSE) -> 7 | G12: =AVERAGE(B12:F12) -> 9.6 | H12: =+_xlfn.STDEV.S(B12:F12) -> 1.6733201 | J12: Evolved FSM 4 | K12: =+VLOOKUP($A12,INDIRECT(Adrese!B$2),3,FALSE) -> 37 | L12: =+VLOOKUP($A12,INDIRECT(Adrese!C$2),3,FALSE) -> 38 | M12: =+VLOOKUP($A12,INDIRECT(Adrese!D$2),3,FALSE) -> 37 | N12: =+VLOOKUP($A12,INDIRECT(Adrese!E$2),3,FALSE) -> 36 | O12: =+VLOOKUP($A12,INDIRECT(Adrese!F$2),3,FALSE) -> 39 | P12: =AVERAGE(K12:O12) -> 37.4 | Q12: =+_xlfn.STDEV.S(K12:O12) -> 1.1401754 | T12: Evolved FSM 4 | U12: =+VLOOKUP($T12,INDIRECT(Adrese!B$2),4,FALSE) -> 127572 | V12: =+VLOOKUP($T12,INDIRECT(Adrese!C$2),4,FALSE) -> 127184 | W12: =+VLOOKUP($T12,INDIRECT(Adrese!D$2),4,FALSE) -> 127689 | X12: =+VLOOKUP($T12,INDIRECT(Adrese!E$2),4,FALSE) -> 127169 | Y12: =+VLOOKUP($T12,INDIRECT(Adrese!F$2),4,FALSE) -> 128001 | Z12: =SUM(U12:Y12) -> 637615 | AA12: =AVERAGE(U12:Y12) -> 127523 | AB12: =+_xlfn.STDEV.S(U12:Y12) -> 353.08568 | AD12: Evolved FSM 4 | AE12: =+VLOOKUP($A12,INDIRECT(Adrese!B$2),5,FALSE) -> 35631 | AF12: =+VLOOKUP($A12,INDIRECT(Adrese!C$2),5,FALSE) -> 35594 | AG12: =+VLOOKUP($A12,INDIRECT(Adrese!D$2),5,FALSE) -> 36014 | AH12: =+VLOOKUP($A12,INDIRECT(Adrese!E$2),5,FALSE) -> 35741 | AI12: =+VLOOKUP($A12,INDIRECT(Adrese!F$2),5,FALSE) -> 35720 | AJ12: =AVERAGE(AE12:AI12) -> 35740 | AK12: =+_xlfn.STDEV.S(AE12:AI12) -> 164.8287 | AM12: Evolved FSM 4 | AN12: =+VLOOKUP($A12,INDIRECT(Adrese!B$2),6,FALSE) -> 0.78387168 | AO12: =+VLOOKUP($A12,INDIRECT(Adrese!C$2),6,FALSE) -> 0.7830531 | AP12: =+VLOOKUP($A12,INDIRECT(Adrese!D$2),6,FALSE) -> 0.79234513 | AQ12: =+VLOOKUP($A12,INDIRECT(Adrese!E$2),6,FALSE) -> 0.78630531 | AR12: =+VLOOKUP($A12,INDIRECT(Adrese!F$2),6,FALSE) -> 0.78584071 | AS12: =TEXT(AT12,"0.00")&" ("&TEXT(AU12,"0.00")&")" -> 0.79 (0.00) | AT12: =AVERAGE(AN12:AR12) -> 0.78628319 | AU12: =+_xlfn.STDEV.S(AN12:AR12) -> 0.0036466528 | AW12: Evolved FSM 4 | AX12: =+VLOOKUP($A12,INDIRECT(Adrese!B$2),7,FALSE) -> 0.83628319 | AY12: =+VLOOKUP($A12,INDIRECT(Adrese!C$2),7,FALSE) -> 0.83185841 | AZ12: =+VLOOKUP($A12,INDIRECT(Adrese!D$2),7,FALSE) -> 0.83628319 | BA12: =+VLOOKUP($A12,INDIRECT(Adrese!E$2),7,FALSE) -> 0.84070797 | BB12: =+VLOOKUP($A12,INDIRECT(Adrese!F$2),7,FALSE) -> 0.82743363 | BC12: =TEXT(BD12,"0.00")&" ("&TEXT(BE12,"0.00")&")" -> 0.83 (0.01) | BD12: =AVERAGE(AX12:BB12) -> 0.83451327 | BE12: =+_xlfn.STDEV.S(AX12:BB12) -> 0.0050450243 | BG12: Evolved FSM 4 | BH12: =+VLOOKUP($BG12,INDIRECT(Adrese!B$2),8,FALSE) -> 0.073776871 | BI12: =+VLOOKUP($BG12,INDIRECT(Adrese!C$2),8,FALSE) -> 0.073636386 | BJ12: =+VLOOKUP($BG12,INDIRECT(Adrese!D$2),8,FALSE) -> 0.074642341 | BK12: =+VLOOKUP($BG12,INDIRECT(Adrese!E$2),8,FALSE) -> 0.074008515 | BL12: =+VLOOKUP($BG12,INDIRECT(Adrese!F$2),8,FALSE) -> 0.073980868 | BM12: =TEXT(BN12,"0.00")&" ("&TEXT(BO12,"0.00")&")" -> 0.07 (0.00) | BN12: =AVERAGE(BH12:BL12) -> 0.074008996 | BO12: =+_xlfn.STDEV.S(BH12:BL12) -> 0.00038556376 | BQ12: Evolved FSM 4 | BR12: =+VLOOKUP($BG12,INDIRECT(Adrese!B$2),9,FALSE) -> 0.066555901 | BS12: =+VLOOKUP($BG12,INDIRECT(Adrese!C$2),9,FALSE) -> 0.066318781 | BT12: =+VLOOKUP($BG12,INDIRECT(Adrese!D$2),9,FALSE) -> 0.067737164 | BU12: =+VLOOKUP($BG12,INDIRECT(Adrese!E$2),9,FALSE) -> 0.066920248 | BV12: =+VLOOKUP($BG12,INDIRECT(Adrese!F$2),9,FALSE) -> 0.066679811 | BW12: =TEXT(BX12,"0.00")&" ("&TEXT(BY12,"0.00")&")" -> 0.07 (0.00) | BX12: =AVERAGE(BR12:BV12) -> 0.066842381 | BY12: =+_xlfn.STDEV.S(BR12:BV12) -> 0.00054528813
A13: PSO Gambler 2_2_2 | B13: =+VLOOKUP($A13,INDIRECT(Adrese!B$2),2,FALSE) -> 11 | C13: =+VLOOKUP($A13,INDIRECT(Adrese!C$2),2,FALSE) -> 10 | D13: =+VLOOKUP($A13,INDIRECT(Adrese!D$2),2,FALSE) -> 10 | E13: =+VLOOKUP($A13,INDIRECT(Adrese!E$2),2,FALSE) -> 12 | F13: =+VLOOKUP($A13,INDIRECT(Adrese!F$2),2,FALSE) -> 12 | G13: =AVERAGE(B13:F13) -> 11 | H13: =+_xlfn.STDEV.S(B13:F13) -> 1 | J13: PSO Gambler 2_2_2 | K13: =+VLOOKUP($A13,INDIRECT(Adrese!B$2),3,FALSE) -> 44 | L13: =+VLOOKUP($A13,INDIRECT(Adrese!C$2),3,FALSE) -> 42 | M13: =+VLOOKUP($A13,INDIRECT(Adrese!D$2),3,FALSE) -> 42 | N13: =+VLOOKUP($A13,INDIRECT(Adrese!E$2),3,FALSE) -> 43 | O13: =+VLOOKUP($A13,INDIRECT(Adrese!F$2),3,FALSE) -> 42 | P13: =AVERAGE(K13:O13) -> 42.6 | Q13: =+_xlfn.STDEV.S(K13:O13) -> 0.89442719 | T13: PSO Gambler 2_2_2 | U13: =+VLOOKUP($T13,INDIRECT(Adrese!B$2),4,FALSE) -> 127313 | V13: =+VLOOKUP($T13,INDIRECT(Adrese!C$2),4,FALSE) -> 127869 | W13: =+VLOOKUP($T13,INDIRECT(Adrese!D$2),4,FALSE) -> 127626 | X13: =+VLOOKUP($T13,INDIRECT(Adrese!E$2),4,FALSE) -> 127164 | Y13: =+VLOOKUP($T13,INDIRECT(Adrese!F$2),4,FALSE) -> 126851 | Z13: =SUM(U13:Y13) -> 636823 | AA13: =AVERAGE(U13:Y13) -> 127364.6 | AB13: =+_xlfn.STDEV.S(U13:Y13) -> 396.68539 | AD13: PSO Gambler 2_2_2 | AE13: =+VLOOKUP($A13,INDIRECT(Adrese!B$2),5,FALSE) -> 31469 | AF13: =+VLOOKUP($A13,INDIRECT(Adrese!C$2),5,FALSE) -> 32187 | AG13: =+VLOOKUP($A13,INDIRECT(Adrese!D$2),5,FALSE) -> 31812 | AH13: =+VLOOKUP($A13,INDIRECT(Adrese!E$2),5,FALSE) -> 31707 | AI13: =+VLOOKUP($A13,INDIRECT(Adrese!F$2),5,FALSE) -> 31851 | AJ13: =AVERAGE(AE13:AI13) -> 31805.2 | AK13: =+_xlfn.STDEV.S(AE13:AI13) -> 260.09075 | AM13: PSO Gambler 2_2_2 | AN13: =+VLOOKUP($A13,INDIRECT(Adrese!B$2),6,FALSE) -> 0.69179204 | AO13: =+VLOOKUP($A13,INDIRECT(Adrese!C$2),6,FALSE) -> 0.70767699 | AP13: =+VLOOKUP($A13,INDIRECT(Adrese!D$2),6,FALSE) -> 0.69938053 | AQ13: =+VLOOKUP($A13,INDIRECT(Adrese!E$2),6,FALSE) -> 0.69705752 | AR13: =+VLOOKUP($A13,INDIRECT(Adrese!F$2),6,FALSE) -> 0.70024336 | AS13: =TEXT(AT13,"0.00")&" ("&TEXT(AU13,"0.00")&")" -> 0.70 (0.01) | AT13: =AVERAGE(AN13:AR13) -> 0.69923009 | AU13: =+_xlfn.STDEV.S(AN13:AR13) -> 0.0057542202 | AW13: PSO Gambler 2_2_2 | AX13: =+VLOOKUP($A13,INDIRECT(Adrese!B$2),7,FALSE) -> 0.80530973 | AY13: =+VLOOKUP($A13,INDIRECT(Adrese!C$2),7,FALSE) -> 0.81415929 | AZ13: =+VLOOKUP($A13,INDIRECT(Adrese!D$2),7,FALSE) -> 0.81415929 | BA13: =+VLOOKUP($A13,INDIRECT(Adrese!E$2),7,FALSE) -> 0.80973451 | BB13: =+VLOOKUP($A13,INDIRECT(Adrese!F$2),7,FALSE) -> 0.81415929 | BC13: =TEXT(BD13,"0.00")&" ("&TEXT(BE13,"0.00")&")" -> 0.81 (0.00) | BD13: =AVERAGE(AX13:BB13) -> 0.81150442 | BE13: =+_xlfn.STDEV.S(AX13:BB13) -> 0.0039576425 | BG13: PSO Gambler 2_2_2 | BH13: =+VLOOKUP($BG13,INDIRECT(Adrese!B$2),8,FALSE) -> 0.06969915 | BI13: =+VLOOKUP($BG13,INDIRECT(Adrese!C$2),8,FALSE) -> 0.07095259 | BJ13: =+VLOOKUP($BG13,INDIRECT(Adrese!D$2),8,FALSE) -> 0.070378176 | BK13: =+VLOOKUP($BG13,INDIRECT(Adrese!E$2),8,FALSE) -> 0.06991502 | BL13: =+VLOOKUP($BG13,INDIRECT(Adrese!F$2),8,FALSE) -> 0.070311967 | BM13: =TEXT(BN13,"0.00")&" ("&TEXT(BO13,"0.00")&")" -> 0.07 (0.00) | BN13: =AVERAGE(BH13:BL13) -> 0.070251381 | BO13: =+_xlfn.STDEV.S(BH13:BL13) -> 0.0004820632 | BQ13: PSO Gambler 2_2_2 | BR13: =+VLOOKUP($BG13,INDIRECT(Adrese!B$2),9,FALSE) -> 0.072303676 | BS13: =+VLOOKUP($BG13,INDIRECT(Adrese!C$2),9,FALSE) -> 0.07368738 | BT13: =+VLOOKUP($BG13,INDIRECT(Adrese!D$2),9,FALSE) -> 0.073180578 | BU13: =+VLOOKUP($BG13,INDIRECT(Adrese!E$2),9,FALSE) -> 0.071882014 | BV13: =+VLOOKUP($BG13,INDIRECT(Adrese!F$2),9,FALSE) -> 0.072435171 | BW13: =TEXT(BX13,"0.00")&" ("&TEXT(BY13,"0.00")&")" -> 0.07 (0.00) | BX13: =AVERAGE(BR13:BV13) -> 0.072697764 | BY13: =+_xlfn.STDEV.S(BR13:BV13) -> 0.00072494103
A14: PSO Gambler Mem1 | B14: =+VLOOKUP($A14,INDIRECT(Adrese!B$2),2,FALSE) -> 12 | C14: =+VLOOKUP($A14,INDIRECT(Adrese!C$2),2,FALSE) -> 14 | D14: =+VLOOKUP($A14,INDIRECT(Adrese!D$2),2,FALSE) -> 17 | E14: =+VLOOKUP($A14,INDIRECT(Adrese!E$2),2,FALSE) -> 10 | F14: =+VLOOKUP($A14,INDIRECT(Adrese!F$2),2,FALSE) -> 11 | G14: =AVERAGE(B14:F14) -> 12.8 | H14: =+_xlfn.STDEV.S(B14:F14) -> 2.7748874 | J14: PSO Gambler Mem1 | K14: =+VLOOKUP($A14,INDIRECT(Adrese!B$2),3,FALSE) -> 47 | L14: =+VLOOKUP($A14,INDIRECT(Adrese!C$2),3,FALSE) -> 45 | M14: =+VLOOKUP($A14,INDIRECT(Adrese!D$2),3,FALSE) -> 45 | N14: =+VLOOKUP($A14,INDIRECT(Adrese!E$2),3,FALSE) -> 49 | O14: =+VLOOKUP($A14,INDIRECT(Adrese!F$2),3,FALSE) -> 44 | P14: =AVERAGE(K14:O14) -> 46 | Q14: =+_xlfn.STDEV.S(K14:O14) -> 2 | T14: PSO Gambler Mem1 | U14: =+VLOOKUP($T14,INDIRECT(Adrese!B$2),4,FALSE) -> 127058 | V14: =+VLOOKUP($T14,INDIRECT(Adrese!C$2),4,FALSE) -> 126158 | W14: =+VLOOKUP($T14,INDIRECT(Adrese!D$2),4,FALSE) -> 125358 | X14: =+VLOOKUP($T14,INDIRECT(Adrese!E$2),4,FALSE) -> 127442 | Y14: =+VLOOKUP($T14,INDIRECT(Adrese!F$2),4,FALSE) -> 127268 | Z14: =SUM(U14:Y14) -> 633284 | AA14: =AVERAGE(U14:Y14) -> 126656.8 | AB14: =+_xlfn.STDEV.S(U14:Y14) -> 878.45728 | AD14: PSO Gambler Mem1 | AE14: =+VLOOKUP($A14,INDIRECT(Adrese!B$2),5,FALSE) -> 33395 | AF14: =+VLOOKUP($A14,INDIRECT(Adrese!C$2),5,FALSE) -> 32929 | AG14: =+VLOOKUP($A14,INDIRECT(Adrese!D$2),5,FALSE) -> 33670 | AH14: =+VLOOKUP($A14,INDIRECT(Adrese!E$2),5,FALSE) -> 33280 | AI14: =+VLOOKUP($A14,INDIRECT(Adrese!F$2),5,FALSE) -> 33869 | AJ14: =AVERAGE(AE14:AI14) -> 33428.6 | AK14: =+_xlfn.STDEV.S(AE14:AI14) -> 362.29725 | AM14: PSO Gambler Mem1 | AN14: =+VLOOKUP($A14,INDIRECT(Adrese!B$2),6,FALSE) -> 0.73440265 | AO14: =+VLOOKUP($A14,INDIRECT(Adrese!C$2),6,FALSE) -> 0.72409292 | AP14: =+VLOOKUP($A14,INDIRECT(Adrese!D$2),6,FALSE) -> 0.74048673 | AQ14: =+VLOOKUP($A14,INDIRECT(Adrese!E$2),6,FALSE) -> 0.73185841 | AR14: =+VLOOKUP($A14,INDIRECT(Adrese!F$2),6,FALSE) -> 0.74488938 | AS14: =TEXT(AT14,"0.00")&" ("&TEXT(AU14,"0.00")&")" -> 0.74 (0.01) | AT14: =AVERAGE(AN14:AR14) -> 0.73514602 | AU14: =+_xlfn.STDEV.S(AN14:AR14) -> 0.0080154263 | AW14: PSO Gambler Mem1 | AX14: =+VLOOKUP($A14,INDIRECT(Adrese!B$2),7,FALSE) -> 0.7920354 | AY14: =+VLOOKUP($A14,INDIRECT(Adrese!C$2),7,FALSE) -> 0.80088496 | AZ14: =+VLOOKUP($A14,INDIRECT(Adrese!D$2),7,FALSE) -> 0.80088496 | BA14: =+VLOOKUP($A14,INDIRECT(Adrese!E$2),7,FALSE) -> 0.78318584 | BB14: =+VLOOKUP($A14,INDIRECT(Adrese!F$2),7,FALSE) -> 0.80530974 | BC14: =TEXT(BD14,"0.00")&" ("&TEXT(BE14,"0.00")&")" -> 0.80 (0.01) | BD14: =AVERAGE(AX14:BB14) -> 0.79646018 | BE14: =+_xlfn.STDEV.S(AX14:BB14) -> 0.0088495576 | BG14: PSO Gambler Mem1 | BH14: =+VLOOKUP($BG14,INDIRECT(Adrese!B$2),8,FALSE) -> 0.07292655 | BI14: =+VLOOKUP($BG14,INDIRECT(Adrese!C$2),8,FALSE) -> 0.072447192 | BJ14: =+VLOOKUP($BG14,INDIRECT(Adrese!D$2),8,FALSE) -> 0.073943371 | BK14: =+VLOOKUP($BG14,INDIRECT(Adrese!E$2),8,FALSE) -> 0.072517922 | BL14: =+VLOOKUP($BG14,INDIRECT(Adrese!F$2),8,FALSE) -> 0.074195193 | BM14: =TEXT(BN14,"0.00")&" ("&TEXT(BO14,"0.00")&")" -> 0.07 (0.00) | BN14: =AVERAGE(BH14:BL14) -> 0.073206046 | BO14: =+_xlfn.STDEV.S(BH14:BL14) -> 0.00081387221 | BQ14: PSO Gambler Mem1 | BR14: =+VLOOKUP($BG14,INDIRECT(Adrese!B$2),9,FALSE) -> 0.074944551 | BS14: =+VLOOKUP($BG14,INDIRECT(Adrese!C$2),9,FALSE) -> 0.075699839 | BT14: =+VLOOKUP($BG14,INDIRECT(Adrese!D$2),9,FALSE) -> 0.077401133 | BU14: =+VLOOKUP($BG14,INDIRECT(Adrese!E$2),9,FALSE) -> 0.073702843 | BV14: =+VLOOKUP($BG14,INDIRECT(Adrese!F$2),9,FALSE) -> 0.077370648 | BW14: =TEXT(BX14,"0.00")&" ("&TEXT(BY14,"0.00")&")" -> 0.08 (0.00) | BX14: =AVERAGE(BR14:BV14) -> 0.075823803 | BY14: =+_xlfn.STDEV.S(BR14:BV14) -> 0.0015943354
... A229: Defector | B229: =+VLOOKUP($A229,INDIRECT(Adrese!B$2),2,FALSE) -> 227 | C229: =+VLOOKUP($A229,INDIRECT(Adrese!C$2),2,FALSE) -> 227 | D229: =+VLOOKUP($A229,INDIRECT(Adrese!D$2),2,FALSE) -> 226 | E229: =+VLOOKUP($A229,INDIRECT(Adrese!E$2),2,FALSE) -> 227 | F229: =+VLOOKUP($A229,INDIRECT(Adrese!F$2),2,FALSE) -> 226 | G229: =AVERAGE(B229:F229) -> 226.6 | H229: =+_xlfn.STDEV.S(B229:F229) -> 0.54772256 | J229: Defector | K229: =+VLOOKUP($A229,INDIRECT(Adrese!B$2),3,FALSE) -> 210 | L229: =+VLOOKUP($A229,INDIRECT(Adrese!C$2),3,FALSE) -> 211 | M229: =+VLOOKUP($A229,INDIRECT(Adrese!D$2),3,FALSE) -> 212 | N229: =+VLOOKUP($A229,INDIRECT(Adrese!E$2),3,FALSE) -> 211 | O229: =+VLOOKUP($A229,INDIRECT(Adrese!F$2),3,FALSE) -> 211 | P229: =AVERAGE(K229:O229) -> 211 | Q229: =+_xlfn.STDEV.S(K229:O229) -> 0.70710678 | T229: Defector | U229: =+VLOOKUP($T229,INDIRECT(Adrese!B$2),4,FALSE) -> 81060 | V229: =+VLOOKUP($T229,INDIRECT(Adrese!C$2),4,FALSE) -> 80712 | W229: =+VLOOKUP($T229,INDIRECT(Adrese!D$2),4,FALSE) -> 81684 | X229: =+VLOOKUP($T229,INDIRECT(Adrese!E$2),4,FALSE) -> 80668 | Y229: =+VLOOKUP($T229,INDIRECT(Adrese!F$2),4,FALSE) -> 81756 | Z229: =SUM(U229:Y229) -> 405880 | AA229: =AVERAGE(U229:Y229) -> 81176 | AB229: =+_xlfn.STDEV.S(U229:Y229) -> 519.92307 | AD229: Defector | AE229: =+VLOOKUP($A229,INDIRECT(Adrese!B$2),5,FALSE) -> 0 | AF229: =+VLOOKUP($A229,INDIRECT(Adrese!C$2),5,FALSE) -> 0 | AG229: =+VLOOKUP($A229,INDIRECT(Adrese!D$2),5,FALSE) -> 0 | AH229: =+VLOOKUP($A229,INDIRECT(Adrese!E$2),5,FALSE) -> 0 | AI229: =+VLOOKUP($A229,INDIRECT(Adrese!F$2),5,FALSE) -> 0 | AJ229: =AVERAGE(AE229:AI229) -> 0 | AK229: =+_xlfn.STDEV.S(AE229:AI229) -> 0 | AM229: Defector | AN229: =+VLOOKUP($A229,INDIRECT(Adrese!B$2),6,FALSE) -> 0 | AO229: =+VLOOKUP($A229,INDIRECT(Adrese!C$2),6,FALSE) -> 0 | AP229: =+VLOOKUP($A229,INDIRECT(Adrese!D$2),6,FALSE) -> 0 | AQ229: =+VLOOKUP($A229,INDIRECT(Adrese!E$2),6,FALSE) -> 0 | AR229: =+VLOOKUP($A229,INDIRECT(Adrese!F$2),6,FALSE) -> 0 | AS229: =TEXT(AT229,"0.00")&" ("&TEXT(AU229,"0.00")&")" -> 0.00 (0.00) | AT229: =AVERAGE(AN229:AR229) -> 0 | AU229: =+_xlfn.STDEV.S(AN229:AR229) -> 0 | AW229: Defector | AX229: =+VLOOKUP($A229,INDIRECT(Adrese!B$2),7,FALSE) -> 0.07079646 | AY229: =+VLOOKUP($A229,INDIRECT(Adrese!C$2),7,FALSE) -> 0.066371681 | AZ229: =+VLOOKUP($A229,INDIRECT(Adrese!D$2),7,FALSE) -> 0.061946903 | BA229: =+VLOOKUP($A229,INDIRECT(Adrese!E$2),7,FALSE) -> 0.066371681 | BB229: =+VLOOKUP($A229,INDIRECT(Adrese!F$2),7,FALSE) -> 0.066371681 | BC229: =TEXT(BD229,"0.00")&" ("&TEXT(BE229,"0.00")&")" -> 0.07 (0.00) | BD229: =AVERAGE(AX229:BB229) -> 0.066371681 | BE229: =+_xlfn.STDEV.S(AX229:BB229) -> 0.0031287909 | BG229: Defector | BH229: =+VLOOKUP($BG229,INDIRECT(Adrese!B$2),8,FALSE) -> 0 | BI229: =+VLOOKUP($BG229,INDIRECT(Adrese!C$2),8,FALSE) -> 0 | BJ229: =+VLOOKUP($BG229,INDIRECT(Adrese!D$2),8,FALSE) -> 0 | BK229: =+VLOOKUP($BG229,INDIRECT(Adrese!E$2),8,FALSE) -> 0 | BL229: =+VLOOKUP($BG229,INDIRECT(Adrese!F$2),8,FALSE) -> 0 | BM229: =TEXT(BN229,"0.00")&" ("&TEXT(BO229,"0.00")&")" -> 0.00 (0.00) | BN229: =AVERAGE(BH229:BL229) -> 0 | BO229: =+_xlfn.STDEV.S(BH229:BL229) -> 0 | BQ229: Defector | BR229: =+VLOOKUP($BG229,INDIRECT(Adrese!B$2),9,FALSE) -> -0.076727464 | BS229: =+VLOOKUP($BG229,INDIRECT(Adrese!C$2),9,FALSE) -> -0.076809085 | BT229: =+VLOOKUP($BG229,INDIRECT(Adrese!D$2),9,FALSE) -> -0.07652017 | BU229: =+VLOOKUP($BG229,INDIRECT(Adrese!E$2),9,FALSE) -> -0.076815119 | BV229: =+VLOOKUP($BG229,INDIRECT(Adrese!F$2),9,FALSE) -> -0.07693071 | BW229: =TEXT(BX229,"0.00")&" ("&TEXT(BY229,"0.00")&")" -> -0.08 (0.00) | BX229: =AVERAGE(BR229:BV229) -> -0.07676051 | BY229: =+_xlfn.STDEV.S(BR229:BV229) -> 0.00015261477

Sheet Svi
A1: Name | C1: #Wins | D1: TotalScore | E1: #Cooperations | F1: CooperationRating | G1: GoodPartnerRating | H1: EigenJesusRating | I1: EigenMosesRating
A2: Evolved FSM 6 | B2: 1 | C2: 39 | D2: 130681 | E2: 36331 | F2: 0.79935841 | G2: 0.82743363 | H2: 0.077202708 | I2: 0.076680846
A3: Fuzzy | B3: 2 | C3: 47 | D3: 130630 | E3: 34561 | F3: 0.76019912 | G3: 0.7920354 | H3: 0.074616941 | I3: 0.075916952
A4: EvolvedLookerUp2_2_2 | B4: 3 | C4: 46 | D4: 130248 | E4: 34404 | F4: 0.75672566 | G4: 0.79646018 | H4: 0.073698667 | I4: 0.072413107
A5: Evolved HMM 5 | B5: 4 | C5: 44 | D5: 129913 | E5: 34485 | F5: 0.7585177 | G5: 0.80530973 | H5: 0.074128798 | I5: 0.074430934
A6: Evolved FSM 16 | B6: 5 | C6: 62 | D6: 129208 | E6: 32767 | F6: 0.72050885 | G6: 0.72566372 | H6: 0.070108469 | I6: 0.066746666
A7: PSO Gambler 1_1_1 | B7: 6 | C7: 51 | D7: 128912 | E7: 32603 | F7: 0.71688053 | G7: 0.77433628 | H7: 0.072026931 | I7: 0.07575804
A8: Evolved FSM 16 Noise 05 | B8: 7 | C8: 48 | D8: 128227 | E8: 33058 | F8: 0.7269469 | G8: 0.78761062 | H8: 0.073902367 | I8: 0.080896687
A9: Evolved ANN | B9: 8 | C9: 46 | D9: 128023 | E9: 33186 | F9: 0.72977876 | G9: 0.79646018 | H9: 0.07512316 | I9: 0.085277743
A10: Evolved ANN 5 | B10: 9 | C10: 42 | D10: 127587 | E10: 33011 | F10: 0.72590708 | G10: 0.81415929 | H10: 0.074337678 | I10: 0.08333406
A11: Evolved FSM 4 | B11: 10 | C11: 37 | D11: 127572 | E11: 35631 | F11: 0.78387168 | G11: 0.83628319 | H11: 0.073776871 | I11: 0.066555901
A12: PSO Gambler 2_2_2 | B12: 11 | C12: 44 | D12: 127313 | E12: 31469 | F12: 0.69179204 | G12: 0.80530973 | H12: 0.06969915 | I12: 0.072303676
A13: PSO Gambler Mem1 | B13: 12 | C13: 47 | D13: 127058 | E13: 33395 | F13: 0.73440265 | G13: 0.7920354 | H13: 0.07292655 | I13: 0.074944551
... A228: Defector | B228: 227 | C228: 210 | D228: 81060 | E228: 0 | F228: 0 | G228: 0.07079646 | H228: 0 | I228: -0.076727464
A230: Name | C230: #Wins | D230: TotalScore | E230: #Cooperations | F230: CooperationRating | G230: GoodPartnerRating | H230: EigenJesusRating | I230: EigenMosesRating
A231: Evolved FSM 6 | B231: 1 | C231: 40 | D231: 130763 | E231: 36067 | F231: 0.7935177 | G231: 0.82300885 | H231: 0.076545565 | I231: 0.075418539
A232: EvolvedLookerUp2_2_2 | B232: 2 | C232: 50 | D232: 130131 | E232: 33876 | F232: 0.74504425 | G232: 0.77876106 | H232: 0.072603384 | I232: 0.070961915
A233: Fuzzy | B233: 3 | C233: 50 | D233: 129322 | E233: 33658 | F233: 0.74022124 | G233: 0.77876106 | H233: 0.072782783 | I233: 0.073557862
A234: Evolved HMM 5 | B234: 4 | C234: 48 | D234: 129306 | E234: 34017 | F234: 0.74816372 | G234: 0.78761062 | H234: 0.073469565 | I234: 0.074426252
A235: Evolved ANN | B235: 5 | C235: 45 | D235: 128831 | E235: 33556 | F235: 0.7379646 | G235: 0.80088496 | H235: 0.075586355 | I235: 0.085409572
A236: Evolved FSM 16 | B236: 6 | C236: 62 | D236: 128662 | E236: 32811 | F236: 0.7214823 | G236: 0.72566372 | H236: 0.070181328 | I236: 0.066772286
A237: Evolved FSM 16 Noise 05 | B237: 7 | C237: 43 | D237: 128404 | E237: 33140 | F237: 0.72876106 | G237: 0.80973451 | H237: 0.073995285 | I237: 0.08126278
A238: PSO Gambler 1_1_1 | B238: 8 | C238: 52 | D238: 128370 | E238: 32789 | F238: 0.72099557 | G238: 0.7699115 | H238: 0.072270271 | I238: 0.075995524
A239: Evolved ANN 5 | B239: 9 | C239: 44 | D239: 128307 | E239: 33118 | F239: 0.72827434 | G239: 0.80530974 | H239: 0.074674702 | I239: 0.084279284
A240: PSO Gambler 2_2_2 | B240: 10 | C240: 42 | D240: 127869 | E240: 32187 | F240: 0.70767699 | G240: 0.81415929 | H240: 0.07095259 | I240: 0.07368738
A241: Evolved FSM 4 | B241: 11 | C241: 38 | D241: 127184 | E241: 35594 | F241: 0.7830531 | G241: 0.83185841 | H241: 0.073636386 | I241: 0.066318781
A242: Omega TFT | B242: 12 | C242: 38 | D242: 126691 | E242: 33572 | F242: 0.73831858 | G242: 0.83185841 | H242: 0.076232358 | I242: 0.087387166
... A457: Defector | B457: 227 | C457: 211 | D457: 80712 | E457: 0 | F457: 0 | G457: 0.066371681 | H457: 0 | I457: -0.076809085
A459: Name | C459: #Wins | D459: TotalScore | E459: #Cooperations | F459: CooperationRating | G459: GoodPartnerRating | H459: EigenJesusRating | I459: EigenMosesRating
A460: EvolvedLookerUp2_2_2 | B460: 1 | C460: 49 | D460: 130631 | E460: 34206 | F460: 0.75234513 | G460: 0.78318584 | H460: 0.073274058 | I460: 0.07146657
A461: Fuzzy | B461: 2 | C461: 47 | D461: 130591 | E461: 34055 | F461: 0.74900442 | G461: 0.7920354 | H461: 0.07337504 | I461: 0.073468015
A462: Evolved FSM 6 | B462: 3 | C462: 38 | D462: 130318 | E462: 36177 | F462: 0.79595133 | G462: 0.83185841 | H462: 0.076963271 | I462: 0.076136473
A463: Evolved FSM 16 | B463: 4 | C463: 64 | D463: 129190 | E463: 32718 | F463: 0.71942478 | G463: 0.71681416 | H463: 0.07009061 | I463: 0.066757733
A464: Evolved HMM 5 | B464: 5 | C464: 44 | D464: 128469 | E464: 34437 | F464: 0.75745575 | G464: 0.80530974 | H464: 0.074360905 | I464: 0.075455245
A465: Evolved ANN | B465: 6 | C465: 45 | D465: 128090 | E465: 33418 | F465: 0.7349115 | G465: 0.80088496 | H465: 0.075509794 | I465: 0.085572882
A466: Evolved FSM 16 Noise 05 | B466: 7 | C466: 46 | D466: 127970 | E466: 33086 | F466: 0.72756637 | G466: 0.79646018 | H466: 0.07390397 | I466: 0.080677698
A467: PSO Gambler 1_1_1 | B467: 8 | C467: 51 | D467: 127740 | E467: 32092 | F467: 0.70557522 | G467: 0.77433628 | H467: 0.071261197 | I467: 0.07481221
A468: Evolved FSM 4 | B468: 9 | C468: 37 | D468: 127689 | E468: 36014 | F468: 0.79234513 | G468: 0.83628319 | H468: 0.074642341 | I468: 0.067737164
A469: PSO Gambler 2_2_2 | B469: 10 | C469: 42 | D469: 127626 | E469: 31812 | F469: 0.69938053 | G469: 0.81415929 | H469: 0.070378176 | I469: 0.073180578
A470: Evolved ANN 5 | B470: 11 | C470: 42 | D470: 127363 | E470: 32859 | F470: 0.72254425 | G470: 0.81415929 | H470: 0.074189344 | I470: 0.083349243
A471: Original Gradual | B471: 12 | C471: 38 | D471: 126381 | E471: 36718 | F471: 0.80792035 | G471: 0.83185841 | H471: 0.079514715 | I471: 0.083218348
... A686: Handshake | B686: 227 | C686: 193 | D686: 80989 | E686: 4583 | F686: 0.09699115 | G686: 0.1460177 | H686: 0.006046929 | I686: -0.078123922
A688: Name | C688: #Wins | D688: TotalScore | E688: #Cooperations | F688: CooperationRating | G688: GoodPartnerRating | H688: EigenJesusRating | I688: EigenMosesRating
A689: Evolved FSM 6 | B689: 1 | C689: 38 | D689: 130483 | E689: 35976 | F689: 0.79150442 | G689: 0.83185841 | H689: 0.076409529 | I689: 0.075411405
A690: Evolved HMM 5 | B690: 2 | C690: 43 | D690: 130151 | E690: 34767 | F690: 0.76475664 | G690: 0.80973451 | H690: 0.074522093 | I690: 0.074685259
A691: Fuzzy | B691: 3 | C691: 51 | D691: 130138 | E691: 33648 | F691: 0.74 | G691: 0.77433628 | H691: 0.072646936 | I691: 0.073133582
A692: EvolvedLookerUp2_2_2 | B692: 4 | C692: 51 | D692: 130042 | E692: 33518 | F692: 0.73712389 | G692: 0.77433628 | H692: 0.072419428 | I692: 0.072007053
A693: Evolved FSM 16 Noise 05 | B693: 5 | C693: 47 | D693: 129237 | E693: 33556 | F693: 0.7379646 | G693: 0.7920354 | H693: 0.074593361 | I693: 0.081333508
A694: PSO Gambler 1_1_1 | B694: 6 | C694: 49 | D694: 129055 | E694: 32821 | F694: 0.72170354 | G694: 0.78318584 | H694: 0.072017958 | I694: 0.074376339
A695: Evolved ANN | B695: 7 | C695: 46 | D695: 128940 | E695: 33676 | F695: 0.74061947 | G695: 0.79646018 | H695: 0.075734416 | I695: 0.085222136
A696: Evolved FSM 16 | B696: 8 | C696: 64 | D696: 128299 | E696: 32884 | F696: 0.72309735 | G696: 0.71681416 | H696: 0.070407925 | I696: 0.067489967
A697: Evolved ANN 5 | B697: 9 | C697: 47 | D697: 128112 | E697: 32790 | F697: 0.7210177 | G697: 0.7920354 | H697: 0.073831363 | I697: 0.08248192
A698: PSO Gambler Mem1 | B698: 10 | C698: 49 | D698: 127442 | E698: 33280 | F698: 0.73185841 | G698: 0.78318584 | H698: 0.072517922 | I698: 0.073702843
A699: Evolved FSM 4 | B699: 11 | C699: 36 | D699: 127169 | E699: 35741 | F699: 0.78630531 | G699: 0.84070797 | H699: 0.074008515 | I699: 0.066920248
A700: PSO Gambler 2_2_2 | B700: 12 | C700: 43 | D700: 127164 | E700: 31707 | F700: 0.69705752 | G700: 0.80973451 | H700: 0.06991502 | I700: 0.071882014
... A915: Defector | B915: 227 | C915: 211 | D915: 80668 | E915: 0 | F915: 0 | G915: 0.066371681 | H915: 0 | I915: -0.076815119
A917: Name | C917: #Wins | D917: TotalScore | E917: #Cooperations | F917: CooperationRating | G917: GoodPartnerRating | H917: EigenJesusRating | I917: EigenMosesRating
A918: Evolved FSM 6 | B918: 1 | C918: 40 | D918: 129851 | E918: 36095 | F918: 0.79413717 | G918: 0.82300885 | H918: 0.076995128 | I918: 0.07690471
A919: EvolvedLookerUp2_2_2 | B919: 2 | C919: 50 | D919: 129750 | E919: 33871 | F919: 0.74493363 | G919: 0.77876106 | H919: 0.07311383 | I919: 0.072808787
A920: Fuzzy | B920: 3 | C920: 49 | D920: 129719 | E920: 34151 | F920: 0.75112832 | G920: 0.78318584 | H920: 0.073348804 | I920: 0.072831141
A921: Evolved FSM 16 | B921: 4 | C921: 65 | D921: 128659 | E921: 32618 | F921: 0.71721239 | G921: 0.71238938 | H921: 0.070040165 | I921: 0.066914373
A922: PSO Gambler 1_1_1 | B922: 5 | C922: 52 | D922: 128310 | E922: 32542 | F922: 0.71553097 | G922: 0.7699115 | H922: 0.071939301 | I922: 0.075478143
A923: Evolved ANN | B923: 6 | C923: 45 | D923: 128224 | E923: 33518 | F923: 0.73712389 | G923: 0.80088496 | H923: 0.075698898 | I923: 0.085821031
A924: Evolved FSM 4 | B924: 7 | C924: 39 | D924: 128001 | E924: 35720 | F924: 0.78584071 | G924: 0.82743363 | H924: 0.073980868 | I924: 0.066679811
A925: Evolved ANN 5 | B925: 8 | C925: 47 | D925: 127951 | E925: 32421 | F925: 0.71285398 | G925: 0.7920354 | H925: 0.073224163 | I925: 0.081808475
A926: Evolved FSM 16 Noise 05 | B926: 9 | C926: 44 | D926: 127835 | E926: 33091 | F926: 0.72767699 | G926: 0.80530974 | H926: 0.07421175 | I926: 0.082055922
A927: Evolved HMM 5 | B927: 10 | C927: 44 | D927: 127471 | E927: 34165 | F927: 0.75143805 | G927: 0.80530974 | H927: 0.07377705 | I927: 0.074520972
A928: PSO Gambler Mem1 | B928: 11 | C928: 44 | D928: 127268 | E928: 33869 | F928: 0.74488938 | G928: 0.80530974 | H928: 0.074195193 | I928: 0.077370648
A929: PSO Gambler 2_2_2 | B929: 12 | C929: 42 | D929: 126851 | E929: 31851 | F929: 0.70024336 | G929: 0.81415929 | H929: 0.070311967 | I929: 0.072435171
... A1144: Handshake | B1144: 227 | C1144: 196 | D1144: 81295 | E1144: 3989 | F1144: 0.083849558 | G1144: 0.13274336 | H1144: 0.004745749 | I1144: -0.080535527

Sheet Adrese
B1: 1 | C1: 2 | D1: 3 | E1: 4 | F1: 5
B2: Svi!$A$2:$I$228 | C2: Svi!$A$231:$I$457 | D2: Svi!$A$460:$I$686 | E2: Svi!$A$689:$I$915 | F2: Svi!$A$918:$I$1144

Sheet Final
C3: Rank | D3: Avg. Score | E3: TotalScore | F3: #Wins | G3: #Cooperations | H3: Cooperation Rating | I3: Good Partner Rating | J3: Eigenjesus Rating | K3: Eigenmoses Rating
B4: Evolved FSM 6 | C4: =Kompilirano!G3 -> 1.4 | D4: =E4/226 -> 577.07611 | E4: =Kompilirano!AA3 -> 130419.2 | F4: =Kompilirano!P3 -> 39 | G4: =Kompilirano!AJ3 -> 36129.2 | H4: =Kompilirano!AT3 -> 0.79489381 | I4: =Kompilirano!BD3 -> 0.82743363 | J4: =Kompilirano!BN3 -> 0.07682324 | K4: =Kompilirano!BX3 -> 0.076110395
B5: EvolvedLookerUp2_2_2 | C5: =Kompilirano!G4 -> 2.4 | D5: =E5/226 -> 575.93097 | E5: =Kompilirano!AA4 -> 130160.4 | F5: =Kompilirano!P4 -> 49.2 | G5: =Kompilirano!AJ4 -> 33975 | H5: =Kompilirano!AT4 -> 0.74723451 | I5: =Kompilirano!BD4 -> 0.78230088 | J5: =Kompilirano!BN4 -> 0.073021873 | K5: =Kompilirano!BX4 -> 0.071931486
B6: Fuzzy | C6: =Kompilirano!G5 -> 2.6 | D6: =E6/226 -> 575.57522 | E6: =Kompilirano!AA5 -> 130080 | F6: =Kompilirano!P5 -> 48.8 | G6: =Kompilirano!AJ5 -> 34014.6 | H6: =Kompilirano!AT5 -> 0.74811062 | I6: =Kompilirano!BD5 -> 0.7840708 | J6: =Kompilirano!BN5 -> 0.073354101 | K6: =Kompilirano!BX5 -> 0.07378151
B7: Evolved HMM 5 | C7: =Kompilirano!G6 -> 5 | D7: =E7/226 -> 571.0708 | E7: =Kompilirano!AA6 -> 129062 | F7: =Kompilirano!P6 -> 44.6 | G7: =Kompilirano!AJ6 -> 34374.2 | H7: =Kompilirano!AT6 -> 0.75606637 | I7: =Kompilirano!BD6 -> 0.80265487 | J7: =Kompilirano!BN6 -> 0.074051682 | K7: =Kompilirano!BX6 -> 0.074703732
B8: Evolved FSM 16 | C8: =Kompilirano!G7 -> 5.4 | D8: =E8/226 -> 569.92743 | E8: =Kompilirano!AA7 -> 128803.6 | F8: =Kompilirano!P7 -> 63.4 | G8: =Kompilirano!AJ7 -> 32759.6 | H8: =Kompilirano!AT7 -> 0.72034513 | I8: =Kompilirano!BD7 -> 0.71946903 | J8: =Kompilirano!BN7 -> 0.070165699 | K8: =Kompilirano!BX7 -> 0.066936205
B9: PSO Gambler 1_1_1 | C9: =Kompilirano!G8 -> 6.6 | D9: =E9/226 -> 568.48407 | E9: =Kompilirano!AA8 -> 128477.4 | F9: =Kompilirano!P8 -> 51 | G9: =Kompilirano!AJ8 -> 32569.4 | H9: =Kompilirano!AT8 -> 0.71613717 | I9: =Kompilirano!BD8 -> 0.77433628 | J9: =Kompilirano!BN8 -> 0.071903132 | K9: =Kompilirano!BX8 -> 0.075284051
B10: Evolved ANN | C10: =Kompilirano!G10 -> 6.4 | D10: =E10/226 -> 568.23717 | E10: =Kompilirano!AA10 -> 128421.6 | F10: =Kompilirano!P10 -> 45.4 | G10: =Kompilirano!AJ10 -> 33470.8 | H10: =Kompilirano!AT10 -> 0.73607965 | I10: =Kompilirano!BD10 -> 0.79911504 | J10: =Kompilirano!BN10 -> 0.075530525 | K10: =Kompilirano!BX10 -> 0.085460673
B11: Evolved FSM 16 Noise 05 | C11: =Kompilirano!G9 -> 7 | D11: =E11/226 -> 567.85221 | E11: =Kompilirano!AA9 -> 128334.6 | F11: =Kompilirano!P9 -> 45.6 | G11: =Kompilirano!AJ9 -> 33186.2 | H11: =Kompilirano!AT9 -> 0.72978319 | I11: =Kompilirano!BD9 -> 0.79823009 | J11: =Kompilirano!BN9 -> 0.074121347 | K11: =Kompilirano!BX9 -> 0.081245319
B12: Evolved ANN 5 | C12: =Kompilirano!G11 -> 9.2 | D12: =E12/226 -> 565.76991 | E12: =Kompilirano!AA11 -> 127864 | F12: =Kompilirano!P11 -> 44.4 | G12: =Kompilirano!AJ11 -> 32839.8 | H12: =Kompilirano!AT11 -> 0.72211947 | I12: =Kompilirano!BD11 -> 0.80353982 | J12: =Kompilirano!BN11 -> 0.07405145 | K12: =Kompilirano!BX11 -> 0.083050596
B13: Evolved FSM 4 | C13: =Kompilirano!G12 -> 9.6 | D13: =E13/226 -> 564.26106 | E13: =Kompilirano!AA12 -> 127523 | F13: =Kompilirano!P12 -> 37.4 | G13: =Kompilirano!AJ12 -> 35740 | H13: =Kompilirano!AT12 -> 0.78628319 | I13: =Kompilirano!BD12 -> 0.83451327 | J13: =Kompilirano!BN12 -> 0.074008996 | K13: =Kompilirano!BX12 -> 0.066842381
B14: PSO Gambler 2_2_2 | C14: =Kompilirano!G13 -> 11 | D14: =E14/226 -> 563.56018 | E14: =Kompilirano!AA13 -> 127364.6 | F14: =Kompilirano!P13 -> 42.6 | G14: =Kompilirano!AJ13 -> 31805.2 | H14: =Kompilirano!AT13 -> 0.69923009 | I14: =Kompilirano!BD13 -> 0.81150442 | J14: =Kompilirano!BN13 -> 0.070251381 | K14: =Kompilirano!BX13 -> 0.072697764
B15: PSO Gambler Mem1 | C15: =Kompilirano!G14 -> 12.8 | D15: =E15/226 -> 560.42832 | E15: =Kompilirano!AA14 -> 126656.8 | F15: =Kompilirano!P14 -> 46 | G15: =Kompilirano!AJ14 -> 33428.6 | H15: =Kompilirano!AT14 -> 0.73514602 | I15: =Kompilirano!BD14 -> 0.79646018 | J15: =Kompilirano!BN14 -> 0.073206046 | K15: =Kompilirano!BX14 -> 0.075823803
B16: Omega TFT | C16: =Kompilirano!G15 -> 13 | D16: =E16/226 -> 559.50265 | E16: =Kompilirano!AA15 -> 126447.6 | F16: =Kompilirano!P15 -> 37.6 | G16: =Kompilirano!AJ15 -> 33546.2 | H16: =Kompilirano!AT15 -> 0.73774779 | I16: =Kompilirano!BD15 -> 0.83362832 | J16: =Kompilirano!BN15 -> 0.076184907 | K16: =Kompilirano!BX15 -> 0.087325815
B17: Original Gradual | C17: =Kompilirano!G17 -> 13.6 | D17: =E17/226 -> 558.44602 | E17: =Kompilirano!AA17 -> 126208.8 | F17: =Kompilirano!P17 -> 38.8 | G17: =Kompilirano!AJ17 -> 36631.2 | H17: =Kompilirano!AT17 -> 0.806 | I17: =Kompilirano!BD17 -> 0.82831858 | J17: =Kompilirano!BN17 -> 0.079418506 | K17: =Kompilirano!BX17 -> 0.083485589
B18: Winner12 | C18: =Kompilirano!G18 -> 15.2 | D18: =E18/226 -> 556.58319 | E18: =Kompilirano!AA18 -> 125787.8 | F18: =Kompilirano!P18 -> 47.4 | G18: =Kompilirano!AJ18 -> 31537.6 | H18: =Kompilirano!AT18 -> 0.69330973 | I18: =Kompilirano!BD18 -> 0.79026549 | J18: =Kompilirano!BN18 -> 0.071519215 | K18: =Kompilirano!BX18 -> 0.078774009
B19: Gradual | C19: =Kompilirano!G19 -> 16 | D19: =E19/226 -> 555.75929 | E19: =Kompilirano!AA19 -> 125601.6 | F19: =Kompilirano!P19 -> 47.8 | G19: =Kompilirano!AJ19 -> 34563.2 | H19: =Kompilirano!AT19 -> 0.76024779 | I19: =Kompilirano!BD19 -> 0.78849558 | J19: =Kompilirano!BN19 -> 0.077082143 | K19: =Kompilirano!BX19 -> 0.085241959
B20: PSO Gambler 2_2_2 Noise 05 | C20: =Kompilirano!G16 -> 16.4 | D20: =E20/226 -> 555.48319 | E20: =Kompilirano!AA16 -> 125539.2 | F20: =Kompilirano!P16 -> 44.4 | G20: =Kompilirano!AJ16 -> 33237.4 | H20: =Kompilirano!AT16 -> 0.73091593 | I20: =Kompilirano!BD16 -> 0.80353982 | J20: =Kompilirano!BN16 -> 0.074402028 | K20: =Kompilirano!BX16 -> 0.081179498
B21: DoubleCrosser | C21: =Kompilirano!G20 -> 18.4 | D21: =E21/226 -> 553.32655 | E21: =Kompilirano!AA20 -> 125051.8 | F21: =Kompilirano!P20 -> 172.4 | G21: =Kompilirano!AJ20 -> 31598.2 | H21: =Kompilirano!AT20 -> 0.69469469 | I21: =Kompilirano!BD20 -> 0.23716814 | J21: =Kompilirano!BN20 -> 0.071719473 | K21: =Kompilirano!BX20 -> 0.079550255
B22: Second by Borufsen | C22: =Kompilirano!G21 -> 20 | D22: =E22/226 -> 551.30265 | E22: =Kompilirano!AA21 -> 124594.4 | F22: =Kompilirano!P21 -> 18.8 | G22: =Kompilirano!AJ21 -> 37342.4 | H22: =Kompilirano!AT21 -> 0.82173451 | I22: =Kompilirano!BD21 -> 0.91681416 | J22: =Kompilirano!BN21 -> 0.081534328 | K22: =Kompilirano!BX21 -> 0.087979124
B23: Fool Me Once | C23: =Kompilirano!G26 -> 21.2 | D23: =E23/226 -> 549.86106 | E23: =Kompilirano!AA26 -> 124268.6 | F23: =Kompilirano!P26 -> 57 | G23: =Kompilirano!AJ26 -> 28852 | H23: =Kompilirano!AT26 -> 0.63389381 | I23: =Kompilirano!BD26 -> 0.74778761 | J23: =Kompilirano!BN26 -> 0.067159544 | K23: =Kompilirano!BX26 -> 0.075972072
B24: Second by Rowsam | C24: =Kompilirano!G22 -> 21 | D24: =E24/226 -> 549.53717 | E24: =Kompilirano!AA22 -> 124195.4 | F24: =Kompilirano!P22 -> 39.8 | G24: =Kompilirano!AJ22 -> 34034 | H24: =Kompilirano!AT22 -> 0.74853982 | I24: =Kompilirano!BD22 -> 0.82389381 | J24: =Kompilirano!BN22 -> 0.077143758 | K24: =Kompilirano!BX22 -> 0.088391002
B25: EugineNier | C25: =Kompilirano!G24 -> 22.2 | D25: =E25/226 -> 549.39735 | E25: =Kompilirano!AA24 -> 124163.8 | F25: =Kompilirano!P24 -> 187.6 | G25: =Kompilirano!AJ24 -> 30115.4 | H25: =Kompilirano!AT24 -> 0.66186726 | I25: =Kompilirano!BD24 -> 0.1699115 | J25: =Kompilirano!BN24 -> 0.069989503 | K25: =Kompilirano!BX24 -> 0.079728381
B26: Forgetful Fool Me Once | C26: =Kompilirano!G27 -> 24 | D26: =E26/226 -> 549.15044 | E26: =Kompilirano!AA27 -> 124108 | F26: =Kompilirano!P27 -> 48.6 | G26: =Kompilirano!AJ27 -> 34429.2 | H26: =Kompilirano!AT27 -> 0.75728319 | I26: =Kompilirano!BD27 -> 0.78495575 | J26: =Kompilirano!BN27 -> 0.076753059 | K26: =Kompilirano!BX27 -> 0.084699022
B27: BackStabber | C27: =Kompilirano!G25 -> 26 | D27: =E27/226 -> 547.07257 | E27: =Kompilirano!AA25 -> 123638.4 | F27: =Kompilirano!P25 -> 180.8 | G27: =Kompilirano!AJ25 -> 29707 | H27: =Kompilirano!AT25 -> 0.65285398 | I27: =Kompilirano!BD25 -> 0.2 | J27: =Kompilirano!BN25 -> 0.068314017 | K27: =Kompilirano!BX25 -> 0.075659997
B28: Revised Downing | C28: =Kompilirano!G30 -> 25.6 | D28: =E28/226 -> 547.02478 | E28: =Kompilirano!AA30 -> 123627.6 | F28: =Kompilirano!P30 -> 26 | G28: =Kompilirano!AJ30 -> 36326.4 | H28: =Kompilirano!AT30 -> 0.79925664 | I28: =Kompilirano!BD30 -> 0.88495575 | J28: =Kompilirano!BN30 -> 0.079288389 | K28: =Kompilirano!BX30 -> 0.085051618
B29: Second by GraaskampKatzen | C29: =Kompilirano!G29 -> 26.4 | D29: =E29/226 -> 546.65841 | E29: =Kompilirano!AA29 -> 123544.8 | F29: =Kompilirano!P29 -> 45.8 | G29: =Kompilirano!AJ29 -> 30754 | H29: =Kompilirano!AT29 -> 0.67597345 | I29: =Kompilirano!BD29 -> 0.79734513 | J29: =Kompilirano!BN29 -> 0.071577193 | K29: =Kompilirano!BX29 -> 0.082769278
B30: AON2 | C30: =Kompilirano!G23 -> 26.6 | D30: =E30/226 -> 546.64956 | E30: =Kompilirano!AA23 -> 123542.8 | F30: =Kompilirano!P23 -> 46.8 | G30: =Kompilirano!AJ23 -> 31006 | H30: =Kompilirano!AT23 -> 0.68154867 | I30: =Kompilirano!BD23 -> 0.79292035 | J30: =Kompilirano!BN23 -> 0.067875636 | K30: =Kompilirano!BX23 -> 0.066504879
B31: Spiteful Tit For Tat | C31: =Kompilirano!G28 -> 26.6 | D31: =E31/226 -> 546.22124 | E31: =Kompilirano!AA28 -> 123446 | F31: =Kompilirano!P28 -> 42.4 | G31: =Kompilirano!AJ28 -> 30831.8 | H31: =Kompilirano!AT28 -> 0.67769469 | I31: =Kompilirano!BD28 -> 0.81238938 | J31: =Kompilirano!BN28 -> 0.071304833 | K31: =Kompilirano!BX28 -> 0.081484565
B32: Second by Cave | C32: =Kompilirano!G38 -> 30.4 | D32: =E32/226 -> 543.72743 | E32: =Kompilirano!AA38 -> 122882.4 | F32: =Kompilirano!P38 -> 21.4 | G32: =Kompilirano!AJ38 -> 37141.8 | H32: =Kompilirano!AT38 -> 0.81729646 | I32: =Kompilirano!BD38 -> 0.90530973 | J32: =Kompilirano!BN38 -> 0.081607271 | K32: =Kompilirano!BX38 -> 0.089135103
B33: Second by Kluepfel | C33: =Kompilirano!G39 -> 31 | D33: =E33/226 -> 543.36991 | E33: =Kompilirano!AA39 -> 122801.6 | F33: =Kompilirano!P39 -> 28 | G33: =Kompilirano!AJ39 -> 34608.4 | H33: =Kompilirano!AT39 -> 0.76124779 | I33: =Kompilirano!BD39 -> 0.87610619 | J33: =Kompilirano!BN39 -> 0.077849688 | K33: =Kompilirano!BX39 -> 0.08742401
B34: First by Shubik | C34: =Kompilirano!G31 -> 32.2 | D34: =E34/226 -> 543.14071 | E34: =Kompilirano!AA31 -> 122749.8 | F34: =Kompilirano!P31 -> 44 | G34: =Kompilirano!AJ31 -> 33777.4 | H34: =Kompilirano!AT31 -> 0.74286283 | I34: =Kompilirano!BD31 -> 0.80530973 | J34: =Kompilirano!BN31 -> 0.075504103 | K34: =Kompilirano!BX31 -> 0.081887415
B35: Meta Hunter | C35: =Kompilirano!G34 -> 32.4 | D35: =E35/226 -> 542.54779 | E35: =Kompilirano!AA34 -> 122615.8 | F35: =Kompilirano!P34 -> 56.6 | G35: =Kompilirano!AJ34 -> 28769.4 | H35: =Kompilirano!AT34 -> 0.63206637 | I35: =Kompilirano!BD34 -> 0.74955752 | J35: =Kompilirano!BN34 -> 0.065905778 | K35: =Kompilirano!BX34 -> 0.070531029
B36: MEM2 | C36: =Kompilirano!G37 -> 32.6 | D36: =E36/226 -> 542.44602 | E36: =Kompilirano!AA37 -> 122592.8 | F36: =Kompilirano!P37 -> 69.4 | G36: =Kompilirano!AJ37 -> 27430.2 | H36: =Kompilirano!AT37 -> 0.60243805 | I36: =Kompilirano!BD37 -> 0.69292035 | J36: =Kompilirano!BN37 -> 0.064876226 | K36: =Kompilirano!BX37 -> 0.073731868
B37: Momentum | C37: =Kompilirano!G33 -> 33 | D37: =E37/226 -> 542.43628 | E37: =Kompilirano!AA33 -> 122590.6 | F37: =Kompilirano!P33 -> 50.8 | G37: =Kompilirano!AJ33 -> 31090.6 | H37: =Kompilirano!AT33 -> 0.68342035 | I37: =Kompilirano!BD33 -> 0.77522124 | J37: =Kompilirano!BN33 -> 0.071533508 | K37: =Kompilirano!BX33 -> 0.081220553
B38: Michaelos | C38: =Kompilirano!G32 -> 33.4 | D38: =E38/226 -> 541.17876 | E38: =Kompilirano!AA32 -> 122306.4 | F38: =Kompilirano!P32 -> 188.4 | G38: =Kompilirano!AJ32 -> 27638 | H38: =Kompilirano!AT32 -> 0.60705752 | I38: =Kompilirano!BD32 -> 0.16637168 | J38: =Kompilirano!BN32 -> 0.064854543 | K38: =Kompilirano!BX32 -> 0.071839074
B39: NMWE Memory One | C39: =Kompilirano!G46 -> 36.2 | D39: =E39/226 -> 540.02743 | E39: =Kompilirano!AA46 -> 122046.2 | F39: =Kompilirano!P46 -> 69.8 | G39: =Kompilirano!AJ46 -> 26225.6 | H39: =Kompilirano!AT46 -> 0.57578761 | I39: =Kompilirano!BD46 -> 0.69115044 | J39: =Kompilirano!BN46 -> 0.062243262 | K39: =Kompilirano!BX46 -> 0.068910242
B40: ZD-GTFT-2 | C40: =Kompilirano!G35 -> 36.8 | D40: =E40/226 -> 539.78673 | E40: =Kompilirano!AA35 -> 121991.8 | F40: =Kompilirano!P35 -> 0 | G40: =Kompilirano!AJ35 -> 39679.8 | H40: =Kompilirano!AT35 -> 0.8734469 | I40: =Kompilirano!BD35 -> 1 | J40: =Kompilirano!BN35 -> 0.084094651 | K40: =Kompilirano!BX35 -> 0.085195994
B41: Second by Weiner | C41: =Kompilirano!G40 -> 36.4 | D41: =E41/226 -> 539.7708 | E41: =Kompilirano!AA40 -> 121988.2 | F41: =Kompilirano!P40 -> 34.2 | G41: =Kompilirano!AJ40 -> 35108.8 | H41: =Kompilirano!AT40 -> 0.77231858 | I41: =Kompilirano!BD40 -> 0.84867257 | J41: =Kompilirano!BN40 -> 0.079123441 | K41: =Kompilirano!BX40 -> 0.090332372
B42: Evolved ANN 5 Noise 05 | C42: =Kompilirano!G36 -> 39 | D42: =E42/226 -> 538.59204 | E42: =Kompilirano!AA36 -> 121721.8 | F42: =Kompilirano!P36 -> 106.4 | G42: =Kompilirano!AJ36 -> 25539.2 | H42: =Kompilirano!AT36 -> 0.5610885 | I42: =Kompilirano!BD36 -> 0.52920354 | J42: =Kompilirano!BN36 -> 0.055205646 | K42: =Kompilirano!BX36 -> 0.033251321
B43: EvolvedLookerUp1_1_1 | C43: =Kompilirano!G42 -> 39.6 | D43: =E43/226 -> 537.88319 | E43: =Kompilirano!AA42 -> 121561.6 | F43: =Kompilirano!P42 -> 63.8 | G43: =Kompilirano!AJ42 -> 28333.2 | H43: =Kompilirano!AT42 -> 0.62241593 | I43: =Kompilirano!BD42 -> 0.71769911 | J43: =Kompilirano!BN42 -> 0.065802652 | K43: =Kompilirano!BX42 -> 0.072263031
B44: CAPRI | C44: =Kompilirano!G43 -> 41.6 | D44: =E44/226 -> 536.63274 | E44: =Kompilirano!AA43 -> 121279 | F44: =Kompilirano!P43 -> 45.4 | G44: =Kompilirano!AJ43 -> 31114.8 | H44: =Kompilirano!AT43 -> 0.68395575 | I44: =Kompilirano!BD43 -> 0.79911504 | J44: =Kompilirano!BN43 -> 0.07158518 | K44: =Kompilirano!BX43 -> 0.080760261
B45: Soft Joss | C45: =Kompilirano!G48 -> 45.2 | D45: =E45/226 -> 535.74159 | E45: =Kompilirano!AA48 -> 121077.6 | F45: =Kompilirano!P48 -> 0 | G45: =Kompilirano!AJ48 -> 38315.4 | H45: =Kompilirano!AT48 -> 0.84326106 | I45: =Kompilirano!BD48 -> 1 | J45: =Kompilirano!BN48 -> 0.082844489 | K45: =Kompilirano!BX48 -> 0.087470892
B46: Second by WmAdams | C46: =Kompilirano!G41 -> 45.2 | D46: =E46/226 -> 535.38142 | E46: =Kompilirano!AA41 -> 120996.2 | F46: =Kompilirano!P41 -> 14.6 | G46: =Kompilirano!AJ41 -> 35746.2 | H46: =Kompilirano!AT41 -> 0.78642035 | I46: =Kompilirano!BD41 -> 0.93539823 | J46: =Kompilirano!BN41 -> 0.079070034 | K46: =Kompilirano!BX41 -> 0.086517294
B47: Second by Tideman and Chieruzzi | C47: =Kompilirano!G44 -> 45 | D47: =E47/226 -> 535.21416 | E47: =Kompilirano!AA44 -> 120958.4 | F47: =Kompilirano!P44 -> 35.2 | G47: =Kompilirano!AJ44 -> 35819.6 | H47: =Kompilirano!AT44 -> 0.78804425 | I47: =Kompilirano!BD44 -> 0.84424779 | J47: =Kompilirano!BN44 -> 0.078829763 | K47: =Kompilirano!BX44 -> 0.084523479
B48: Second by Grofman | C48: =Kompilirano!G45 -> 47 | D48: =E48/226 -> 534.40531 | E48: =Kompilirano!AA45 -> 120775.6 | F48: =Kompilirano!P45 -> 41.4 | G48: =Kompilirano!AJ45 -> 34362.8 | H48: =Kompilirano!AT45 -> 0.75581416 | I48: =Kompilirano!BD45 -> 0.81681416 | J48: =Kompilirano!BN45 -> 0.078226039 | K48: =Kompilirano!BX45 -> 0.090394701
B49: General Soft Grudger | C49: =Kompilirano!G47 -> 47.6 | D49: =E49/226 -> 534.20531 | E49: =Kompilirano!AA47 -> 120730.4 | F49: =Kompilirano!P47 -> 36.6 | G49: =Kompilirano!AJ47 -> 37372.6 | H49: =Kompilirano!AT47 -> 0.82240265 | I49: =Kompilirano!BD47 -> 0.8380531 | J49: =Kompilirano!BN47 -> 0.08010761 | K49: =Kompilirano!BX47 -> 0.081365454
B50: FrequencyAnalyzer | C50: =Kompilirano!G55 -> 48.6 | D50: =E50/226 -> 533.96991 | E50: =Kompilirano!AA55 -> 120677.2 | F50: =Kompilirano!P55 -> 51 | G50: =Kompilirano!AJ55 -> 31329.6 | H50: =Kompilirano!AT55 -> 0.68870796 | I50: =Kompilirano!BD55 -> 0.77433628 | J50: =Kompilirano!BN55 -> 0.072063488 | K50: =Kompilirano!BX55 -> 0.081154644
B51: Level Punisher | C51: =Kompilirano!G53 -> 49.4 | D51: =E51/226 -> 533.78761 | E51: =Kompilirano!AA53 -> 120636 | F51: =Kompilirano!P53 -> 37.6 | G51: =Kompilirano!AJ53 -> 33673.8 | H51: =Kompilirano!AT53 -> 0.7405708 | I51: =Kompilirano!BD53 -> 0.83362832 | J51: =Kompilirano!BN53 -> 0.076451512 | K51: =Kompilirano!BX53 -> 0.086957438
B52: TF3 | C52: =Kompilirano!G50 -> 48.6 | D52: =E52/226 -> 533.43894 | E52: =Kompilirano!AA50 -> 120557.2 | F52: =Kompilirano!P50 -> 67 | G52: =Kompilirano!AJ50 -> 26553.4 | H52: =Kompilirano!AT50 -> 0.58303982 | I52: =Kompilirano!BD50 -> 0.70353982 | J52: =Kompilirano!BN50 -> 0.063084618 | K52: =Kompilirano!BX50 -> 0.070614245
B53: First by Stein and Rapoport | C53: =Kompilirano!G56 -> 50.8 | D53: =E53/226 -> 533.16195 | E53: =Kompilirano!AA56 -> 120494.6 | F53: =Kompilirano!P56 -> 177.4 | G53: =Kompilirano!AJ56 -> 34486.6 | H53: =Kompilirano!AT56 -> 0.75859734 | I53: =Kompilirano!BD56 -> 0.21504425 | J53: =Kompilirano!BN56 -> 0.077870075 | K53: =Kompilirano!BX56 -> 0.087961499
B54: GTFT | C54: =Kompilirano!G59 -> 51.2 | D54: =E54/226 -> 533.09292 | E54: =Kompilirano!AA59 -> 120479 | F54: =Kompilirano!P59 -> 0 | G54: =Kompilirano!AJ59 -> 40725.6 | H54: =Kompilirano!AT59 -> 0.89658407 | I54: =Kompilirano!BD59 -> 1 | J54: =Kompilirano!BN59 -> 0.085203384 | K54: =Kompilirano!BX59 -> 0.083952359
B55: Second by Mikkelson | C55: =Kompilirano!G51 -> 52.2 | D55: =E55/226 -> 532.89558 | E55: =Kompilirano!AA51 -> 120434.4 | F55: =Kompilirano!P51 -> 23.2 | G55: =Kompilirano!AJ51 -> 36575.6 | H55: =Kompilirano!AT51 -> 0.80476991 | I55: =Kompilirano!BD51 -> 0.89734513 | J55: =Kompilirano!BN51 -> 0.081428194 | K55: =Kompilirano!BX51 -> 0.091368508
B56: Grudger | C56: =Kompilirano!G54 -> 52.6 | D56: =E56/226 -> 532.71681 | E56: =Kompilirano!AA54 -> 120394 | F56: =Kompilirano!P54 -> 71.8 | G56: =Kompilirano!AJ54 -> 25966 | H56: =Kompilirano!AT54 -> 0.57004425 | I56: =Kompilirano!BD54 -> 0.68230088 | J56: =Kompilirano!BN54 -> 0.061900942 | K56: =Kompilirano!BX54 -> 0.06881433
B57: Soft Grudger | C57: =Kompilirano!G52 -> 51.6 | D57: =E57/226 -> 532.66549 | E57: =Kompilirano!AA52 -> 120382.4 | F57: =Kompilirano!P52 -> 37.8 | G57: =Kompilirano!AJ52 -> 37261.8 | H57: =Kompilirano!AT52 -> 0.81995133 | I57: =Kompilirano!BD52 -> 0.83274336 | J57: =Kompilirano!BN52 -> 0.080003494 | K57: =Kompilirano!BX52 -> 0.081540058
B58: Second by RichardHufford | C58: =Kompilirano!G49 -> 53 | D58: =E58/226 -> 532.26549 | E58: =Kompilirano!AA49 -> 120292 | F58: =Kompilirano!P49 -> 120.4 | G58: =Kompilirano!AJ49 -> 26255 | H58: =Kompilirano!AT49 -> 0.57661504 | I58: =Kompilirano!BD49 -> 0.46725664 | J58: =Kompilirano!BN49 -> 0.057353869 | K58: =Kompilirano!BX49 -> 0.037574978
B59: SpitefulCC | C59: =Kompilirano!G57 -> 53.8 | D59: =E59/226 -> 531.77434 | E59: =Kompilirano!AA57 -> 120181 | F59: =Kompilirano!P57 -> 69.6 | G59: =Kompilirano!AJ57 -> 25758.8 | H59: =Kompilirano!AT57 -> 0.56546018 | I59: =Kompilirano!BD57 -> 0.6920354 | J59: =Kompilirano!BN57 -> 0.061421476 | K59: =Kompilirano!BX57 -> 0.068171333
B60: Second by Leyvraz | C60: =Kompilirano!G58 -> 55 | D60: =E60/226 -> 531.58938 | E60: =Kompilirano!AA58 -> 120139.2 | F60: =Kompilirano!P58 -> 17 | G60: =Kompilirano!AJ58 -> 39319.2 | H60: =Kompilirano!AT58 -> 0.86546903 | I60: =Kompilirano!BD58 -> 0.92477876 | J60: =Kompilirano!BN58 -> 0.083181033 | K60: =Kompilirano!BX58 -> 0.083296603
B61: ZD-GEN-2 | C61: =Kompilirano!G62 -> 56.4 | D61: =E61/226 -> 530.42478 | E61: =Kompilirano!AA62 -> 119876 | F61: =Kompilirano!P62 -> 5.8 | G61: =Kompilirano!AJ62 -> 39219 | H61: =Kompilirano!AT62 -> 0.86325221 | I61: =Kompilirano!BD62 -> 0.97433628 | J61: =Kompilirano!BN62 -> 0.083492729 | K61: =Kompilirano!BX62 -> 0.085263133
B62: Second by Eatherley | C62: =Kompilirano!G68 -> 57.6 | D62: =E62/226 -> 530.31681 | E62: =Kompilirano!AA68 -> 119851.6 | F62: =Kompilirano!P68 -> 0 | G62: =Kompilirano!AJ68 -> 40665.4 | H62: =Kompilirano!AT68 -> 0.89525221 | I62: =Kompilirano!BD68 -> 1 | J62: =Kompilirano!BN68 -> 0.085987233 | K62: =Kompilirano!BX68 -> 0.087352535
B63: Tit For Tat | C63: =Kompilirano!G64 -> 62.4 | D63: =E63/226 -> 527.8354 | E63: =Kompilirano!AA64 -> 119290.8 | F63: =Kompilirano!P64 -> 0 | G63: =Kompilirano!AJ64 -> 35886.2 | H63: =Kompilirano!AT64 -> 0.7895177 | I63: =Kompilirano!BD64 -> 1 | J63: =Kompilirano!BN64 -> 0.079843195 | K63: =Kompilirano!BX64 -> 0.08772438
B64: Firm But Fair | C64: =Kompilirano!G67 -> 64 | D64: =E64/226 -> 527.49115 | E64: =Kompilirano!AA67 -> 119213 | F64: =Kompilirano!P67 -> 0 | G64: =Kompilirano!AJ67 -> 39223.4 | H64: =Kompilirano!AT67 -> 0.86334956 | I64: =Kompilirano!BD67 -> 1 | J64: =Kompilirano!BN67 -> 0.082650117 | K64: =Kompilirano!BX67 -> 0.081173557
B65: Resurrection | C65: =Kompilirano!G69 -> 64.6 | D65: =E65/226 -> 527.43363 | E65: =Kompilirano!AA69 -> 119200 | F65: =Kompilirano!P69 -> 15 | G65: =Kompilirano!AJ69 -> 34566.2 | H65: =Kompilirano!AT69 -> 0.76031416 | I65: =Kompilirano!BD69 -> 0.93362832 | J65: =Kompilirano!BN69 -> 0.077997016 | K65: =Kompilirano!BX69 -> 0.087436344
B66: Memory Decay | C66: =Kompilirano!G65 -> 66 | D66: =E66/226 -> 527.29469 | E66: =Kompilirano!AA65 -> 119168.6 | F66: =Kompilirano!P65 -> 30.8 | G66: =Kompilirano!AJ65 -> 34385.4 | H66: =Kompilirano!AT65 -> 0.75631416 | I66: =Kompilirano!BD65 -> 0.86371681 | J66: =Kompilirano!BN65 -> 0.077968813 | K66: =Kompilirano!BX65 -> 0.08843929
B67: Doubler | C67: =Kompilirano!G72 -> 65.2 | D67: =E67/226 -> 527.2885 | E67: =Kompilirano!AA72 -> 119167.2 | F67: =Kompilirano!P72 -> 0 | G67: =Kompilirano!AJ72 -> 37557.4 | H67: =Kompilirano!AT72 -> 0.82649115 | I67: =Kompilirano!BD72 -> 1 | J67: =Kompilirano!BN72 -> 0.082318876 | K67: =Kompilirano!BX72 -> 0.088888619
B68: Forgiving Tit For Tat | C68: =Kompilirano!G63 -> 65.8 | D68: =E68/226 -> 527.28496 | E68: =Kompilirano!AA63 -> 119166.4 | F68: =Kompilirano!P63 -> 0 | G68: =Kompilirano!AJ63 -> 36164.6 | H68: =Kompilirano!AT63 -> 0.79567699 | I68: =Kompilirano!BD63 -> 1 | J68: =Kompilirano!BN63 -> 0.080357694 | K68: =Kompilirano!BX63 -> 0.088380199
B69: First by Davis | C69: =Kompilirano!G66 -> 65.2 | D69: =E69/226 -> 527.15398 | E69: =Kompilirano!AA66 -> 119136.8 | F69: =Kompilirano!P66 -> 63.8 | G69: =Kompilirano!AJ66 -> 26363.4 | H69: =Kompilirano!AT66 -> 0.57883628 | I69: =Kompilirano!BD66 -> 0.71769911 | J69: =Kompilirano!BN66 -> 0.062229077 | K69: =Kompilirano!BX66 -> 0.068058042
B70: Adaptive Tit For Tat | C70: =Kompilirano!G61 -> 67 | D70: =E70/226 -> 526.73894 | E70: =Kompilirano!AA61 -> 119043 | F70: =Kompilirano!P61 -> 0 | G70: =Kompilirano!AJ61 -> 35799 | H70: =Kompilirano!AT61 -> 0.7875885 | I70: =Kompilirano!BD61 -> 1 | J70: =Kompilirano!BN61 -> 0.079776922 | K70: =Kompilirano!BX61 -> 0.088011605
B71: Alexei | C71: =Kompilirano!G70 -> 66.8 | D71: =E71/226 -> 526.71593 | E71: =Kompilirano!AA70 -> 119037.8 | F71: =Kompilirano!P70 -> 152 | G71: =Kompilirano!AJ70 -> 35470.8 | H71: =Kompilirano!AT70 -> 0.78034956 | I71: =Kompilirano!BD70 -> 0.32743363 | J71: =Kompilirano!BN70 -> 0.079137385 | K71: =Kompilirano!BX70 -> 0.087011911
B72: Contrite Tit For Tat | C72: =Kompilirano!G71 -> 68.2 | D72: =E72/226 -> 526.70796 | E72: =Kompilirano!AA71 -> 119036 | F72: =Kompilirano!P71 -> 0 | G72: =Kompilirano!AJ71 -> 35780.8 | H72: =Kompilirano!AT71 -> 0.78718584 | I72: =Kompilirano!BD71 -> 1 | J72: =Kompilirano!BN71 -> 0.079651847 | K72: =Kompilirano!BX71 -> 0.087635997
B73: Second by White | C73: =Kompilirano!G79 -> 68.8 | D73: =E73/226 -> 525.77965 | E73: =Kompilirano!AA79 -> 118826.2 | F73: =Kompilirano!P79 -> 0 | G73: =Kompilirano!AJ79 -> 38087.6 | H73: =Kompilirano!AT79 -> 0.83822124 | I73: =Kompilirano!BD79 -> 1 | J73: =Kompilirano!BN79 -> 0.08310971 | K73: =Kompilirano!BX79 -> 0.090072062
B74: GrudgerAlternator | C74: =Kompilirano!G74 -> 71.4 | D74: =E74/226 -> 525.53894 | E74: =Kompilirano!AA74 -> 118771.8 | F74: =Kompilirano!P74 -> 32.4 | G74: =Kompilirano!AJ74 -> 35504.8 | H74: =Kompilirano!AT74 -> 0.78107965 | I74: =Kompilirano!BD74 -> 0.85663717 | J74: =Kompilirano!BN74 -> 0.075569962 | K74: =Kompilirano!BX74 -> 0.072531474
B75: Limited Retaliate 3 | C75: =Kompilirano!G80 -> 72.2 | D75: =E75/226 -> 525.02212 | E75: =Kompilirano!AA80 -> 118655 | F75: =Kompilirano!P80 -> 65.8 | G75: =Kompilirano!AJ80 -> 28767.8 | H75: =Kompilirano!AT80 -> 0.63203097 | I75: =Kompilirano!BD80 -> 0.70884956 | J75: =Kompilirano!BN80 -> 0.067719691 | K75: =Kompilirano!BX80 -> 0.076865951
B76: Second by Champion | C76: =Kompilirano!G75 -> 74.6 | D76: =E76/226 -> 524.35575 | E76: =Kompilirano!AA75 -> 118504.4 | F76: =Kompilirano!P75 -> 0 | G76: =Kompilirano!AJ75 -> 40477.2 | H76: =Kompilirano!AT75 -> 0.8910885 | I76: =Kompilirano!BD75 -> 1 | J76: =Kompilirano!BN75 -> 0.085763913 | K76: =Kompilirano!BX75 -> 0.087471902
B77: Math Constant Hunter | C77: =Kompilirano!G60 -> 76 | D77: =E77/226 -> 524.31504 | E77: =Kompilirano!AA60 -> 118495.2 | F77: =Kompilirano!P60 -> 44 | G77: =Kompilirano!AJ60 -> 34260.8 | H77: =Kompilirano!AT60 -> 0.75355752 | I77: =Kompilirano!BD60 -> 0.80530973 | J77: =Kompilirano!BN60 -> 0.072739948 | K77: =Kompilirano!BX60 -> 0.068871959
B78: Limited Retaliate 2 | C78: =Kompilirano!G73 -> 76.2 | D78: =E78/226 -> 524.12035 | E78: =Kompilirano!AA73 -> 118451.2 | F78: =Kompilirano!P73 -> 67 | G78: =Kompilirano!AJ73 -> 29019 | H78: =Kompilirano!AT73 -> 0.6375885 | I78: =Kompilirano!BD73 -> 0.70353982 | J78: =Kompilirano!BN73 -> 0.067995357 | K78: =Kompilirano!BX73 -> 0.076468159
B79: Once Bitten | C79: =Kompilirano!G76 -> 74.8 | D79: =E79/226 -> 523.9 | E79: =Kompilirano!AA76 -> 118401.4 | F79: =Kompilirano!P76 -> 35.8 | G79: =Kompilirano!AJ76 -> 36105.2 | H79: =Kompilirano!AT76 -> 0.79436283 | I79: =Kompilirano!BD76 -> 0.84159292 | J79: =Kompilirano!BN76 -> 0.08084345 | K79: =Kompilirano!BX76 -> 0.091593514
B80: Second by Yamachi | C80: =Kompilirano!G78 -> 76.4 | D80: =E80/226 -> 523.7531 | E80: =Kompilirano!AA78 -> 118368.2 | F80: =Kompilirano!P78 -> 20.4 | G80: =Kompilirano!AJ78 -> 36306.6 | H80: =Kompilirano!AT78 -> 0.79881858 | I80: =Kompilirano!BD78 -> 0.90973451 | J80: =Kompilirano!BN78 -> 0.080754635 | K80: =Kompilirano!BX78 -> 0.089961784
B81: Inverse Punisher | C81: =Kompilirano!G83 -> 79.8 | D81: =E81/226 -> 523.15929 | E81: =Kompilirano!AA83 -> 118234 | F81: =Kompilirano!P83 -> 65.6 | G81: =Kompilirano!AJ83 -> 28979.4 | H81: =Kompilirano!AT83 -> 0.63671239 | I81: =Kompilirano!BD83 -> 0.70973451 | J81: =Kompilirano!BN83 -> 0.067898311 | K81: =Kompilirano!BX83 -> 0.07659286
B82: ShortMem | C82: =Kompilirano!G91 -> 81 | D82: =E82/226 -> 522.99469 | E82: =Kompilirano!AA91 -> 118196.8 | F82: =Kompilirano!P91 -> 10.6 | G82: =Kompilirano!AJ91 -> 37062 | H82: =Kompilirano!AT91 -> 0.81553097 | I82: =Kompilirano!BD91 -> 0.95309735 | J82: =Kompilirano!BN91 -> 0.082045984 | K82: =Kompilirano!BX91 -> 0.090940065
B83: Adaptive Pavlov 2011 | C83: =Kompilirano!G82 -> 82.4 | D83: =E83/226 -> 522.30796 | E83: =Kompilirano!AA82 -> 118041.6 | F83: =Kompilirano!P82 -> 48.2 | G83: =Kompilirano!AJ82 -> 33742.6 | H83: =Kompilirano!AT82 -> 0.74209292 | I83: =Kompilirano!BD82 -> 0.78672566 | J83: =Kompilirano!BN82 -> 0.076539987 | K83: =Kompilirano!BX82 -> 0.086448207
B84: Forgiver | C84: =Kompilirano!G84 -> 83.4 | D84: =E84/226 -> 522.19027 | E84: =Kompilirano!AA84 -> 118015 | F84: =Kompilirano!P84 -> 65.2 | G84: =Kompilirano!AJ84 -> 28834.2 | H84: =Kompilirano!AT84 -> 0.6335 | I84: =Kompilirano!BD84 -> 0.71150442 | J84: =Kompilirano!BN84 -> 0.068390725 | K84: =Kompilirano!BX84 -> 0.079314177
B85: Adaptive Pavlov 2006 | C85: =Kompilirano!G102 -> 84.6 | D85: =E85/226 -> 521.97965 | E85: =Kompilirano!AA102 -> 117967.4 | F85: =Kompilirano!P102 -> 52 | G85: =Kompilirano!AJ102 -> 33154 | H85: =Kompilirano!AT102 -> 0.7290708 | I85: =Kompilirano!BD102 -> 0.7699115 | J85: =Kompilirano!BN102 -> 0.075325349 | K85: =Kompilirano!BX102 -> 0.084856937
B86: First by Tideman and Chieruzzi | C86: =Kompilirano!G86 -> 84.8 | D86: =E86/226 -> 521.93717 | E86: =Kompilirano!AA86 -> 117957.8 | F86: =Kompilirano!P86 -> 191 | G86: =Kompilirano!AJ86 -> 31841.8 | H86: =Kompilirano!AT86 -> 0.70008407 | I86: =Kompilirano!BD86 -> 0.15486726 | J86: =Kompilirano!BN86 -> 0.073648341 | K86: =Kompilirano!BX86 -> 0.084129887
B87: Limited Retaliate | C87: =Kompilirano!G98 -> 87.4 | D87: =E87/226 -> 521.52655 | E87: =Kompilirano!AA98 -> 117865 | F87: =Kompilirano!P98 -> 66.4 | G87: =Kompilirano!AJ98 -> 28903.8 | H87: =Kompilirano!AT98 -> 0.63503982 | I87: =Kompilirano!BD98 -> 0.70619469 | J87: =Kompilirano!BN98 -> 0.067927396 | K87: =Kompilirano!BX98 -> 0.076893505
B88: VeryBad | C88: =Kompilirano!G81 -> 87 | D88: =E88/226 -> 521.43451 | E88: =Kompilirano!AA81 -> 117844.2 | F88: =Kompilirano!P81 -> 13.8 | G88: =Kompilirano!AJ81 -> 37842.8 | H88: =Kompilirano!AT81 -> 0.83280531 | I88: =Kompilirano!BD81 -> 0.93893805 | J88: =Kompilirano!BN81 -> 0.083184198 | K88: =Kompilirano!BX81 -> 0.091355774
B89: Retaliate 3 | C89: =Kompilirano!G88 -> 87.4 | D89: =E89/226 -> 521.27965 | E89: =Kompilirano!AA88 -> 117809.2 | F89: =Kompilirano!P88 -> 73.2 | G89: =Kompilirano!AJ88 -> 27681.4 | H89: =Kompilirano!AT88 -> 0.60799558 | I89: =Kompilirano!BD88 -> 0.67610619 | J89: =Kompilirano!BN88 -> 0.065807271 | K89: =Kompilirano!BX88 -> 0.074761197
B90: Dynamic Two Tits For Tat | C90: =Kompilirano!G94 -> 88 | D90: =E90/226 -> 521.25398 | E90: =Kompilirano!AA94 -> 117803.4 | F90: =Kompilirano!P94 -> 7.8 | G90: =Kompilirano!AJ94 -> 38100.6 | H90: =Kompilirano!AT94 -> 0.83850885 | I90: =Kompilirano!BD94 -> 0.96548673 | J90: =Kompilirano!BN94 -> 0.082754344 | K90: =Kompilirano!BX94 -> 0.088110477
B91: Soft Go By Majority: 10 | C91: =Kompilirano!G89 -> 88 | D91: =E91/226 -> 521.17345 | E91: =Kompilirano!AA89 -> 117785.2 | F91: =Kompilirano!P89 -> 15.2 | G91: =Kompilirano!AJ89 -> 38138.6 | H91: =Kompilirano!AT89 -> 0.83934956 | I91: =Kompilirano!BD89 -> 0.93274336 | J91: =Kompilirano!BN89 -> 0.083574228 | K91: =Kompilirano!BX89 -> 0.091350238
B92: First by Grofman | C92: =Kompilirano!G85 -> 87.2 | D92: =E92/226 -> 521.14513 | E92: =Kompilirano!AA85 -> 117778.8 | F92: =Kompilirano!P85 -> 18.4 | G92: =Kompilirano!AJ85 -> 40487 | H92: =Kompilirano!AT85 -> 0.89130531 | I92: =Kompilirano!BD85 -> 0.91858407 | J92: =Kompilirano!BN85 -> 0.0839477 | K92: =Kompilirano!BX85 -> 0.08004924
B93: Soft Go By Majority: 5 | C93: =Kompilirano!G93 -> 87 | D93: =E93/226 -> 521.11593 | E93: =Kompilirano!AA93 -> 117772.2 | F93: =Kompilirano!P93 -> 19.6 | G93: =Kompilirano!AJ93 -> 36243.4 | H93: =Kompilirano!AT93 -> 0.79742035 | I93: =Kompilirano!BD93 -> 0.91327434 | J93: =Kompilirano!BN93 -> 0.08073462 | K93: =Kompilirano!BX93 -> 0.089756632
B94: Retaliate | C94: =Kompilirano!G90 -> 90.6 | D94: =E94/226 -> 520.45929 | E94: =Kompilirano!AA90 -> 117623.8 | F94: =Kompilirano!P90 -> 73.8 | G94: =Kompilirano!AJ90 -> 28590 | H94: =Kompilirano!AT90 -> 0.62809734 | I94: =Kompilirano!BD90 -> 0.67345133 | J94: =Kompilirano!BN90 -> 0.06767262 | K94: =Kompilirano!BX90 -> 0.077487095
B95: Second by Black | C95: =Kompilirano!G87 -> 90.4 | D95: =E95/226 -> 520.36018 | E95: =Kompilirano!AA87 -> 117601.4 | F95: =Kompilirano!P87 -> 0 | G95: =Kompilirano!AJ87 -> 39335.8 | H95: =Kompilirano!AT87 -> 0.86583628 | I95: =Kompilirano!BD87 -> 1 | J95: =Kompilirano!BN87 -> 0.084689402 | K95: =Kompilirano!BX87 -> 0.089372173
B96: Retaliate 2 | C96: =Kompilirano!G96 -> 91.6 | D96: =E96/226 -> 520.1469 | E96: =Kompilirano!AA96 -> 117553.2 | F96: =Kompilirano!P96 -> 73.2 | G96: =Kompilirano!AJ96 -> 28460.8 | H96: =Kompilirano!AT96 -> 0.62523894 | I96: =Kompilirano!BD96 -> 0.67610619 | J96: =Kompilirano!BN96 -> 0.067617153 | K96: =Kompilirano!BX96 -> 0.077973635
B97: Worse and Worse 3 | C97: =Kompilirano!G99 -> 91 | D97: =E97/226 -> 520.12655 | E97: =Kompilirano!AA99 -> 117548.6 | F97: =Kompilirano!P99 -> 30.6 | G97: =Kompilirano!AJ99 -> 36107 | H97: =Kompilirano!AT99 -> 0.79440265 | I97: =Kompilirano!BD99 -> 0.86460177 | J97: =Kompilirano!BN99 -> 0.07970905 | K97: =Kompilirano!BX99 -> 0.086133191
B98: Stalker | C98: =Kompilirano!G77 -> 92 | D98: =E98/226 -> 519.73451 | E98: =Kompilirano!AA77 -> 117460 | F98: =Kompilirano!P77 -> 136.8 | G98: =Kompilirano!AJ77 -> 38365.2 | H98: =Kompilirano!AT77 -> 0.84438496 | I98: =Kompilirano!BD77 -> 0.39469027 | J98: =Kompilirano!BN77 -> 0.083468374 | K98: =Kompilirano!BX77 -> 0.089289046
B99: Soft Go By Majority: 20 | C99: =Kompilirano!G101 -> 93.6 | D99: =E99/226 -> 519.70265 | E99: =Kompilirano!AA101 -> 117452.8 | F99: =Kompilirano!P101 -> 17 | G99: =Kompilirano!AJ101 -> 37809 | H99: =Kompilirano!AT101 -> 0.83205752 | I99: =Kompilirano!BD101 -> 0.92477876 | J99: =Kompilirano!BN101 -> 0.083077388 | K99: =Kompilirano!BX101 -> 0.090999738
B100: Soft Go By Majority: 40 | C100: =Kompilirano!G97 -> 94.6 | D100: =E100/226 -> 519.47611 | E100: =Kompilirano!AA97 -> 117401.6 | F100: =Kompilirano!P97 -> 15.2 | G100: =Kompilirano!AJ97 -> 37997 | H100: =Kompilirano!AT97 -> 0.83621681 | I100: =Kompilirano!BD97 -> 0.93274336 | J100: =Kompilirano!BN97 -> 0.083176615 | K100: =Kompilirano!BX97 -> 0.090203213
B101: Forgetful Grudger | C101: =Kompilirano!G95 -> 95 | D101: =E101/226 -> 519.38761 | E101: =Kompilirano!AA95 -> 117381.6 | F101: =Kompilirano!P95 -> 72.8 | G101: =Kompilirano!AJ95 -> 29034.6 | H101: =Kompilirano!AT95 -> 0.63793363 | I101: =Kompilirano!BD95 -> 0.67787611 | J101: =Kompilirano!BN95 -> 0.068684849 | K101: =Kompilirano!BX95 -> 0.079114403
B102: Second by Harrington | C102: =Kompilirano!G105 -> 96.2 | D102: =E102/226 -> 518.86726 | E102: =Kompilirano!AA105 -> 117264 | F102: =Kompilirano!P105 -> 76 | G102: =Kompilirano!AJ105 -> 32008.4 | H102: =Kompilirano!AT105 -> 0.70374779 | I102: =Kompilirano!BD105 -> 0.66371681 | J102: =Kompilirano!BN105 -> 0.067890123 | K102: =Kompilirano!BX105 -> 0.05153395
...
