Workbook

Sheet FINAL FINAL
C2: Results | E2: Morality metrics
B3: Name | C3: Avg. Score | D3: Wins (%) | E3: Cooperation Rating | F3: Good Partner Rating | G3: Eigenjesus Rating | H3: Eigenmoses Rating
B4: Evolved ANN 5 Noise 05 | C4: =VLOOKUP(B4,Kompilirano!T:Z,7,FALSE)/226/5 -> 472.29823 | D4: =VLOOKUP(B4,Kompilirano!J:P,7,FALSE)/226/5 -> 0.56637168 | E4: =VLOOKUP(B4,Kompilirano!AM:AS,7,FALSE) -> 0.44 (0.01) | F4: =VLOOKUP(B4,Kompilirano!AW:BD,7,FALSE) -> 0.43 (0.01) | G4: =VLOOKUP(B4,Kompilirano!BG:BM,7,FALSE) -> 0.07 (0.00) | H4: =VLOOKUP(B4,Kompilirano!BQ:BW,7,FALSE) -> 0.03 (0.01)
B5: Fuzzy | C5: =VLOOKUP(B5,Kompilirano!T:Z,7,FALSE)/226/5 -> 465.89115 | D5: =VLOOKUP(B5,Kompilirano!J:P,7,FALSE)/226/5 -> 0.39469027 | E5: =VLOOKUP(B5,Kompilirano!AM:AS,7,FALSE) -> 0.47 (0.01) | F5: =VLOOKUP(B5,Kompilirano!AW:BD,7,FALSE) -> 0.61 (0.03) | G5: =VLOOKUP(B5,Kompilirano!BG:BM,7,FALSE) -> 0.06 (0.00) | H5: =VLOOKUP(B5,Kompilirano!BQ:BW,7,FALSE) -> -0.04 (0.01)
B6: Revised Downing | C6: =VLOOKUP(B6,Kompilirano!T:Z,7,FALSE)/226/5 -> 463.28761 | D6: =VLOOKUP(B6,Kompilirano!J:P,7,FALSE)/226/5 -> 0.5619469 | E6: =VLOOKUP(B6,Kompilirano!AM:AS,7,FALSE) -> 0.34 (0.01) | F6: =VLOOKUP(B6,Kompilirano!AW:BD,7,FALSE) -> 0.44 (0.01) | G6: =VLOOKUP(B6,Kompilirano!BG:BM,7,FALSE) -> 0.04 (0.00) | H6: =VLOOKUP(B6,Kompilirano!BQ:BW,7,FALSE) -> 0.00 (0.00)
B7: Second by RichardHufford | C7: =VLOOKUP(B7,Kompilirano!T:Z,7,FALSE)/226/5 -> 461.09204 | D7: =VLOOKUP(B7,Kompilirano!J:P,7,FALSE)/226/5 -> 0.54867257 | E7: =VLOOKUP(B7,Kompilirano!AM:AS,7,FALSE) -> 0.34 (0.01) | F7: =VLOOKUP(B7,Kompilirano!AW:BD,7,FALSE) -> 0.45 (0.01) | G7: =VLOOKUP(B7,Kompilirano!BG:BM,7,FALSE) -> 0.05 (0.00) | H7: =VLOOKUP(B7,Kompilirano!BQ:BW,7,FALSE) -> 0.03 (0.00)
B8: First by Downing | C8: =VLOOKUP(B8,Kompilirano!T:Z,7,FALSE)/226/5 -> 459.20354 | D8: =VLOOKUP(B8,Kompilirano!J:P,7,FALSE)/226/5 -> 0.62123894 | E8: =VLOOKUP(B8,Kompilirano!AM:AS,7,FALSE) -> 0.30 (0.01) | F8: =VLOOKUP(B8,Kompilirano!AW:BD,7,FALSE) -> 0.38 (0.02) | G8: =VLOOKUP(B8,Kompilirano!BG:BM,7,FALSE) -> 0.04 (0.00) | H8: =VLOOKUP(B8,Kompilirano!BQ:BW,7,FALSE) -> 0.02 (0.00)
B9: Evolved FSM 16 Noise 05 | C9: =VLOOKUP(B9,Kompilirano!T:Z,7,FALSE)/226/5 -> 451.51504 | D9: =VLOOKUP(B9,Kompilirano!J:P,7,FALSE)/226/5 -> 0.47079646 | E9: =VLOOKUP(B9,Kompilirano!AM:AS,7,FALSE) -> 0.38 (0.01) | F9: =VLOOKUP(B9,Kompilirano!AW:BD,7,FALSE) -> 0.53 (0.02) | G9: =VLOOKUP(B9,Kompilirano!BG:BM,7,FALSE) -> 0.05 (0.00) | H9: =VLOOKUP(B9,Kompilirano!BQ:BW,7,FALSE) -> 0.02 (0.00)
B10: Evolved ANN | C10: =VLOOKUP(B10,Kompilirano!T:Z,7,FALSE)/226/5 -> 451.32035 | D10: =VLOOKUP(B10,Kompilirano!J:P,7,FALSE)/226/5 -> 0.78318584 | E10: =VLOOKUP(B10,Kompilirano!AM:AS,7,FALSE) -> 0.27 (0.01) | F10: =VLOOKUP(B10,Kompilirano!AW:BD,7,FALSE) -> 0.22 (0.01) | G10: =VLOOKUP(B10,Kompilirano!BG:BM,7,FALSE) -> 0.04 (0.00) | H10: =VLOOKUP(B10,Kompilirano!BQ:BW,7,FALSE) -> 0.07 (0.00)
B11: Second by Mikkelson | C11: =VLOOKUP(B11,Kompilirano!T:Z,7,FALSE)/226/5 -> 450.29469 | D11: =VLOOKUP(B11,Kompilirano!J:P,7,FALSE)/226/5 -> 0.46283186 | E11: =VLOOKUP(B11,Kompilirano!AM:AS,7,FALSE) -> 0.50 (0.01) | F11: =VLOOKUP(B11,Kompilirano!AW:BD,7,FALSE) -> 0.54 (0.04) | G11: =VLOOKUP(B11,Kompilirano!BG:BM,7,FALSE) -> 0.08 (0.00) | H11: =VLOOKUP(B11,Kompilirano!BQ:BW,7,FALSE) -> 0.05 (0.00)
B12: Second by Borufsen | C12: =VLOOKUP(B12,Kompilirano!T:Z,7,FALSE)/226/5 -> 449.17257 | D12: =VLOOKUP(B12,Kompilirano!J:P,7,FALSE)/226/5 -> 0.48141593 | E12: =VLOOKUP(B12,Kompilirano!AM:AS,7,FALSE) -> 0.49 (0.01) | F12: =VLOOKUP(B12,Kompilirano!AW:BD,7,FALSE) -> 0.52 (0.01) | G12: =VLOOKUP(B12,Kompilirano!BG:BM,7,FALSE) -> 0.07 (0.00) | H12: =VLOOKUP(B12,Kompilirano!BQ:BW,7,FALSE) -> 0.04 (0.00)
B13: Second by Rowsam | C13: =VLOOKUP(B13,Kompilirano!T:Z,7,FALSE)/226/5 -> 449.06637 | D13: =VLOOKUP(B13,Kompilirano!J:P,7,FALSE)/226/5 -> 0.50530973 | E13: =VLOOKUP(B13,Kompilirano!AM:AS,7,FALSE) -> 0.43 (0.01) | F13: =VLOOKUP(B13,Kompilirano!AW:BD,7,FALSE) -> 0.49 (0.01) | G13: =VLOOKUP(B13,Kompilirano!BG:BM,7,FALSE) -> 0.07 (0.00) | H13: =VLOOKUP(B13,Kompilirano!BQ:BW,7,FALSE) -> 0.05 (0.01)
B14: Omega TFT | C14: =VLOOKUP(B14,Kompilirano!T:Z,7,FALSE)/226/5 -> 448.26195 | D14: =VLOOKUP(B14,Kompilirano!J:P,7,FALSE)/226/5 -> 0.8380531 | E14: =VLOOKUP(B14,Kompilirano!AM:AS,7,FALSE) -> 0.30 (0.01) | F14: =VLOOKUP(B14,Kompilirano!AW:BD,7,FALSE) -> 0.16 (0.01) | G14: =VLOOKUP(B14,Kompilirano!BG:BM,7,FALSE) -> 0.05 (0.00) | H14: =VLOOKUP(B14,Kompilirano!BQ:BW,7,FALSE) -> 0.09 (0.00)
B15: DoubleCrosser | C15: =VLOOKUP(B15,Kompilirano!T:Z,7,FALSE)/226/5 -> 447.68496 | D15: =VLOOKUP(B15,Kompilirano!J:P,7,FALSE)/226/5 -> 0.71238938 | E15: =VLOOKUP(B15,Kompilirano!AM:AS,7,FALSE) -> 0.29 (0.00) | F15: =VLOOKUP(B15,Kompilirano!AW:BD,7,FALSE) -> 0.29 (0.01) | G15: =VLOOKUP(B15,Kompilirano!BG:BM,7,FALSE) -> 0.04 (0.00) | H15: =VLOOKUP(B15,Kompilirano!BQ:BW,7,FALSE) -> 0.06 (0.00)
... B230: EasyGo | C230: =VLOOKUP(B230,Kompilirano!T:Z,7,FALSE)/226/5 -> 378.77965 | D230: =VLOOKUP(B230,Kompilirano!J:P,7,FALSE)/226/5 -> 0.084955752 | E230: =VLOOKUP(B230,Kompilirano!AM:AS,7,FALSE) -> 0.89 (0.00) | F230: =VLOOKUP(B230,Kompilirano!AW:BD,7,FALSE) -> 0.92 (0.01) | G230: =VLOOKUP(B230,Kompilirano!BG:BM,7,FALSE) -> 0.11 (0.00) | H230: =VLOOKUP(B230,Kompilirano!BQ:BW,7,FALSE) -> -0.09 (0.00)

Sheet Kompilirano
A2: Name | B2: Rank 1 | C2: Rank 2 | D2: Rank 3 | E2: Rank 4 | F2: Rank 5 | G2: Avg | J2: Name | K2: Wins 1 | L2: Wins 2 | M2: Wins 3 | N2: Wins 4 | O2: Wins 5 | Q2: Avg | T2: Name | U2: Total Score 1 | V2: Total Score 2 | W2: Total Score 3 | X2: Total Score 4 | Y2: Total Score 5 | AA2: Avg | AC2: Name | AD2: #Cooperations 1 | AE2: #Cooperations 2 | AF2: #Cooperations 3 | AG2: #Cooperations 4 | AH2: #Cooperations 5 | AI2: Avg | AM2: Name | AN2: CoopRating 1 | AO2: CoopRating 2 | AP2: CoopRating 3 | AQ2: CoopRating 4 | AR2: CoopRating 5 | AT2: Avg | AU2: SD | AW2: Name | AX2: GP Rating 1 | AY2: GP Rating 2 | AZ2: GP Rating 3 | BA2: GP Rating 4 | BB2: GP Rating 5 | BD2: Avg | BG2: Name | BH2: EJ Rating 1 | BI2: EJ Rating 2 | BJ2: EJ Rating 3 | BK2: EJ Rating 4 | BL2: EJ Rating 5 | BN2: Avg | BQ2: Name | BR2: EM Rating 1 | BS2: EM Rating 2 | BT2: EM Rating 3 | BU2: EM Rating 4 | BV2: EM Rating 5 | BX2: Avg | BY2: SD
A3: Evolved FSM 6 | B3: =+VLOOKUP($A3,INDIRECT(Adrese!B$2),2,FALSE) -> 32 | C3: =+VLOOKUP($A3,INDIRECT(Adrese!C$2),2,FALSE) -> 23 | D3: =+VLOOKUP($A3,INDIRECT(Adrese!D$2),2,FALSE) -> 18 | E3: =+VLOOKUP($A3,INDIRECT(Adrese!E$2),2,FALSE) -> 16 | F3: =+VLOOKUP($A3,INDIRECT(Adrese!F$2),2,FALSE) -> 31 | G3: =AVERAGE(B3:F3) -> 24 | J3: Evolved FSM 6 | K3: =+VLOOKUP($A3,INDIRECT(Adrese!B$2),3,FALSE) -> 94 | L3: =+VLOOKUP($A3,INDIRECT(Adrese!C$2),3,FALSE) -> 97 | M3: =+VLOOKUP($A3,INDIRECT(Adrese!D$2),3,FALSE) -> 94 | N3: =+VLOOKUP($A3,INDIRECT(Adrese!E$2),3,FALSE) -> 103 | O3: =+VLOOKUP($A3,INDIRECT(Adrese!F$2),3,FALSE) -> 101 | P3: =SUM(K3:O3) -> 489 | Q3: =AVERAGE(K3:O3) -> 97.8 | T3: Evolved FSM 6 | U3: =+VLOOKUP($T3,INDIRECT(Adrese!B$2),4,FALSE) -> 98491 | V3: =+VLOOKUP($T3,INDIRECT(Adrese!C$2),4,FALSE) -> 99693 | W3: =+VLOOKUP($T3,INDIRECT(Adrese!D$2),4,FALSE) -> 100303 | X3: =+VLOOKUP($T3,INDIRECT(Adrese!E$2),4,FALSE) -> 100568 | Y3: =+VLOOKUP($T3,INDIRECT(Adrese!F$2),4,FALSE) -> 98948 | Z3: =SUM(U3:Y3) -> 498003 | AA3: =AVERAGE(U3:Y3) -> 99600.6 | AC3: Evolved FSM 6 | AD3: =+VLOOKUP($A3,INDIRECT(Adrese!B$2),5,FALSE) -> 18653 | AE3: =+VLOOKUP($A3,INDIRECT(Adrese!C$2),5,FALSE) -> 18834 | AF3: =+VLOOKUP($A3,INDIRECT(Adrese!D$2),5,FALSE) -> 18467 | AG3: =+VLOOKUP($A3,INDIRECT(Adrese!E$2),5,FALSE) -> 19073 | AH3: =+VLOOKUP($A3,INDIRECT(Adrese!F$2),5,FALSE) -> 19076 | AI3: =AVERAGE(AD3:AH3) -> 18820.6 | AM3: Evolved FSM 6 | AN3: =+VLOOKUP($A3,INDIRECT(Adrese!B$2),6,FALSE) -> 0.41037611 | AO3: =+VLOOKUP($A3,INDIRECT(Adrese!C$2),6,FALSE) -> 0.41442478 | AP3: =+VLOOKUP($A3,INDIRECT(Adrese!D$2),6,FALSE) -> 0.40688053 | AQ3: =+VLOOKUP($A3,INDIRECT(Adrese!E$2),6,FALSE) -> 0.41973451 | AR3: =+VLOOKUP($A3,INDIRECT(Adrese!F$2),6,FALSE) -> 0.41975664 | AS3: =TEXT(AT3,"0.00")&" ("&TEXT(AU3,"0.00")&")" -> 0.41 (0.01) | AT3: =AVERAGE(AN3:AR3) -> 0.41423451 | AU3: =_xlfn.STDEV.S(AN3:AR3) -> 0.0056953581 | AW3: Evolved FSM 6 | AX3: =+VLOOKUP($A3,INDIRECT(Adrese!B$2),7,FALSE) -> 0.5840708 | AY3: =+VLOOKUP($A3,INDIRECT(Adrese!C$2),7,FALSE) -> 0.57079646 | AZ3: =+VLOOKUP($A3,INDIRECT(Adrese!D$2),7,FALSE) -> 0.5840708 | BA3: =+VLOOKUP($A3,INDIRECT(Adrese!E$2),7,FALSE) -> 0.54424779 | BB3: =+VLOOKUP($A3,INDIRECT(Adrese!F$2),7,FALSE) -> 0.55309735 | BC3: =TEXT(BD3,"0.00")&" ("&TEXT(BE3,"0.00")&")" -> 0.57 (0.02) | BD3: =AVERAGE(AX3:BB3) -> 0.56725664 | BE3: =_xlfn.STDEV.S(AX3:BB3) -> 0.018082139 | BG3: Evolved FSM 6 | BH3: =+VLOOKUP($BG3,INDIRECT(Adrese!B$2),8,FALSE) -> 0.054178715 | BI3: =+VLOOKUP($BG3,INDIRECT(Adrese!C$2),8,FALSE) -> 0.054534917 | BJ3: =+VLOOKUP($BG3,INDIRECT(Adrese!D$2),8,FALSE) -> 0.053309972 | BK3: =+VLOOKUP($BG3,INDIRECT(Adrese!E$2),8,FALSE) -> 0.055244059 | BL3: =+VLOOKUP($BG3,INDIRECT(Adrese!F$2),8,FALSE) -> 0.054947224 | BM3: =TEXT(BN3,"0.00")&" ("&TEXT(BO3,"0.00")&")" -> 0.05 (0.00) | BN3: =AVERAGE(BH3:BL3) -> 0.054442977 | BO3: =_xlfn.STDEV.S(BH3:BL3) -> 0.00075132968 | BQ3: Evolved FSM 6 | BR3: =+VLOOKUP($BG3,INDIRECT(Adrese!B$2),9,FALSE) -> 0.016093678 | BS3: =+VLOOKUP($BG3,INDIRECT(Adrese!C$2),9,FALSE) -> 0.013274467 | BT3: =+VLOOKUP($BG3,INDIRECT(Adrese!D$2),9,FALSE) -> 0.013747513 | BU3: =+VLOOKUP($BG3,INDIRECT(Adrese!E$2),9,FALSE) -> 0.011887597 | BV3: =+VLOOKUP($BG3,INDIRECT(Adrese!F$2),9,FALSE) -> 0.011977203 | BW3: =TEXT(BX3,"0.00")&" ("&TEXT(BY3,"0.00")&")" -> 0.01 (0.00) | BX3: =AVERAGE(BR3:BV3) -> 0.013396092 | BY3: =_xlfn.STDEV.S(BR3:BV3) -> 0.0017105599
A4: Fuzzy | B4: =+VLOOKUP($A4,INDIRECT(Adrese!B$2),2,FALSE) -> 1 | C4: =+VLOOKUP($A4,INDIRECT(Adrese!C$2),2,FALSE) -> 3 | D4: =+VLOOKUP($A4,INDIRECT(Adrese!D$2),2,FALSE) -> 5 | E4: =+VLOOKUP($A4,INDIRECT(Adrese!E$2),2,FALSE) -> 2 | F4: =+VLOOKUP($A4,INDIRECT(Adrese!F$2),2,FALSE) -> 2 | G4: =AVERAGE(B4:F4) -> 2.6 | J4: Fuzzy | K4: =+VLOOKUP($A4,INDIRECT(Adrese!B$2),3,FALSE) -> 87 | L4: =+VLOOKUP($A4,INDIRECT(Adrese!C$2),3,FALSE) -> 94 | M4: =+VLOOKUP($A4,INDIRECT(Adrese!D$2),3,FALSE) -> 80 | N4: =+VLOOKUP($A4,INDIRECT(Adrese!E$2),3,FALSE) -> 94 | O4: =+VLOOKUP($A4,INDIRECT(Adrese!F$2),3,FALSE) -> 91 | P4: =SUM(K4:O4) -> 446 | Q4: =AVERAGE(K4:O4) -> 89.2 | T4: Fuzzy | U4: =+VLOOKUP($T4,INDIRECT(Adrese!B$2),4,FALSE) -> 105874 | V4: =+VLOOKUP($T4,INDIRECT(Adrese!C$2),4,FALSE) -> 104388 | W4: =+VLOOKUP($T4,INDIRECT(Adrese!D$2),4,FALSE) -> 104317 | X4: =+VLOOKUP($T4,INDIRECT(Adrese!E$2),4,FALSE) -> 106256 | Y4: =+VLOOKUP($T4,INDIRECT(Adrese!F$2),4,FALSE) -> 105622 | Z4: =SUM(U4:Y4) -> 526457 | AA4: =AVERAGE(U4:Y4) -> 105291.4 | AC4: Fuzzy | AD4: =+VLOOKUP($A4,INDIRECT(Adrese!B$2),5,FALSE) -> 21631 | AE4: =+VLOOKUP($A4,INDIRECT(Adrese!C$2),5,FALSE) -> 21162 | AF4: =+VLOOKUP($A4,INDIRECT(Adrese!D$2),5,FALSE) -> 21987 | AG4: =+VLOOKUP($A4,INDIRECT(Adrese!E$2),5,FALSE) -> 20920 | AH4: =+VLOOKUP($A4,INDIRECT(Adrese!F$2),5,FALSE) -> 22063 | AI4: =AVERAGE(AD4:AH4) -> 21552.6 | AM4: Fuzzy | AN4: =+VLOOKUP($A4,INDIRECT(Adrese!B$2),6,FALSE) -> 0.4765708 | AO4: =+VLOOKUP($A4,INDIRECT(Adrese!C$2),6,FALSE) -> 0.46553097 | AP4: =+VLOOKUP($A4,INDIRECT(Adrese!D$2),6,FALSE) -> 0.48340708 | AQ4: =+VLOOKUP($A4,INDIRECT(Adrese!E$2),6,FALSE) -> 0.45946903 | AR4: =+VLOOKUP($A4,INDIRECT(Adrese!F$2),6,FALSE) -> 0.48464602 | AS4: =TEXT(AT4,"0.00")&" ("&TEXT(AU4,"0.00")&")" -> 0.47 (0.01) | AT4: =AVERAGE(AN4:AR4) -> 0.47392478 | AU4: =_xlfn.STDEV.S(AN4:AR4) -> 0.011082477 | AW4: Fuzzy | AX4: =+VLOOKUP($A4,INDIRECT(Adrese!B$2),7,FALSE) -> 0.61504425 | AY4: =+VLOOKUP($A4,INDIRECT(Adrese!C$2),7,FALSE) -> 0.5840708 | AZ4: =+VLOOKUP($A4,INDIRECT(Adrese!D$2),7,FALSE) -> 0.6460177 | BA4: =+VLOOKUP($A4,INDIRECT(Adrese!E$2),7,FALSE) -> 0.5840708 | BB4: =+VLOOKUP($A4,INDIRECT(Adrese!F$2),7,FALSE) -> 0.59734513 | BC4: =TEXT(BD4,"0.00")&" ("&TEXT(BE4,"0.00")&")" -> 0.61 (0.03) | BD4: =AVERAGE(AX4:BB4) -> 0.60530973 | BE4: =_xlfn.STDEV.S(AX4:BB4) -> 0.026064914 | BG4: Fuzzy | BH4: =+VLOOKUP($BG4,INDIRECT(Adrese!B$2),8,FALSE) -> 0.060113026 | BI4: =+VLOOKUP($BG4,INDIRECT(Adrese!C$2),8,FALSE) -> 0.059590928 | BJ4: =+VLOOKUP($BG4,INDIRECT(Adrese!D$2),8,FALSE) -> 0.061123639 | BK4: =+VLOOKUP($BG4,INDIRECT(Adrese!E$2),8,FALSE) -> 0.05841857 | BL4: =+VLOOKUP($BG4,INDIRECT(Adrese!F$2),8,FALSE) -> 0.059850545 | BM4: =TEXT(BN4,"0.00")&" ("&TEXT(BO4,"0.00")&")" -> 0.06 (0.00) | BN4: =AVERAGE(BH4:BL4) -> 0.059819341 | BO4: =_xlfn.STDEV.S(BH4:BL4) -> 0.00097503176 | BQ4: Fuzzy | BR4: =+VLOOKUP($BG4,INDIRECT(Adrese!B$2),9,FALSE) -> -0.042943409 | BS4: =+VLOOKUP($BG4,INDIRECT(Adrese!C$2),9,FALSE) -> -0.036062513 | BT4: =+VLOOKUP($BG4,INDIRECT(Adrese!D$2),9,FALSE) -> -0.045176397 | BU4: =+VLOOKUP($BG4,INDIRECT(Adrese!E$2),9,FALSE) -> -0.044976746 | BV4: =+VLOOKUP($BG4,INDIRECT(Adrese!F$2),9,FALSE) -> -0.051672978 | BW4: =TEXT(BX4,"0.00")&" ("&TEXT(BY4,"0.00")&")" -> -0.04 (0.01) | BX4: =AVERAGE(BR4:BV4) -> -0.044166409 | BY4: =_xlfn.STDEV.S(BR4:BV4) -> 0.0055945097
A5: EvolvedLookerUp2_2_2 | B5: =+VLOOKUP($A5,INDIRECT(Adrese!B$2),2,FALSE) -> 160 | C5: =+VLOOKUP($A5,INDIRECT(Adrese!C$2),2,FALSE) -> 129 | D5: =+VLOOKUP($A5,INDIRECT(Adrese!D$2),2,FALSE) -> 165 | E5: =+VLOOKUP($A5,INDIRECT(Adrese!E$2),2,FALSE) -> 128 | F5: =+VLOOKUP($A5,INDIRECT(Adrese!F$2),2,FALSE) -> 156 | G5: =AVERAGE(B5:F5) -> 147.6 | J5: EvolvedLookerUp2_2_2 | K5: =+VLOOKUP($A5,INDIRECT(Adrese!B$2),3,FALSE) -> 91 | L5: =+VLOOKUP($A5,INDIRECT(Adrese!C$2),3,FALSE) -> 90 | M5: =+VLOOKUP($A5,INDIRECT(Adrese!D$2),3,FALSE) -> 89 | N5: =+VLOOKUP($A5,INDIRECT(Adrese!E$2),3,FALSE) -> 93 | O5: =+VLOOKUP($A5,INDIRECT(Adrese!F$2),3,FALSE) -> 92 | P5: =SUM(K5:O5) -> 455 | Q5: =AVERAGE(K5:O5) -> 91 | T5: EvolvedLookerUp2_2_2 | U5: =+VLOOKUP($T5,INDIRECT(Adrese!B$2),4,FALSE) -> 92860 | V5: =+VLOOKUP($T5,INDIRECT(Adrese!C$2),4,FALSE) -> 94391 | W5: =+VLOOKUP($T5,INDIRECT(Adrese!D$2),4,FALSE) -> 92020 | X5: =+VLOOKUP($T5,INDIRECT(Adrese!E$2),4,FALSE) -> 94433 | Y5: =+VLOOKUP($T5,INDIRECT(Adrese!F$2),4,FALSE) -> 93278 | Z5: =SUM(U5:Y5) -> 466982 | AA5: =AVERAGE(U5:Y5) -> 93396.4 | AC5: EvolvedLookerUp2_2_2 | AD5: =+VLOOKUP($A5,INDIRECT(Adrese!B$2),5,FALSE) -> 22096 | AE5: =+VLOOKUP($A5,INDIRECT(Adrese!C$2),5,FALSE) -> 22871 | AF5: =+VLOOKUP($A5,INDIRECT(Adrese!D$2),5,FALSE) -> 21970 | AG5: =+VLOOKUP($A5,INDIRECT(Adrese!E$2),5,FALSE) -> 22027 | AH5: =+VLOOKUP($A5,INDIRECT(Adrese!F$2),5,FALSE) -> 21926 | AI5: =AVERAGE(AD5:AH5) -> 22178 | AM5: EvolvedLookerUp2_2_2 | AN5: =+VLOOKUP($A5,INDIRECT(Adrese!B$2),6,FALSE) -> 0.4870354 | AO5: =+VLOOKUP($A5,INDIRECT(Adrese!C$2),6,FALSE) -> 0.50356195 | AP5: =+VLOOKUP($A5,INDIRECT(Adrese!D$2),6,FALSE) -> 0.48378319 | AQ5: =+VLOOKUP($A5,INDIRECT(Adrese!E$2),6,FALSE) -> 0.48504425 | AR5: =+VLOOKUP($A5,INDIRECT(Adrese!F$2),6,FALSE) -> 0.48269912 | AS5: =TEXT(AT5,"0.00")&" ("&TEXT(AU5,"0.00")&")" -> 0.49 (0.01) | AT5: =AVERAGE(AN5:AR5) -> 0.48842478 | AU5: =_xlfn.STDEV.S(AN5:AR5) -> 0.00861423 | AW5: EvolvedLookerUp2_2_2 | AX5: =+VLOOKUP($A5,INDIRECT(Adrese!B$2),7,FALSE) -> 0.59734513 | AY5: =+VLOOKUP($A5,INDIRECT(Adrese!C$2),7,FALSE) -> 0.60176991 | AZ5: =+VLOOKUP($A5,INDIRECT(Adrese!D$2),7,FALSE) -> 0.60619469 | BA5: =+VLOOKUP($A5,INDIRECT(Adrese!E$2),7,FALSE) -> 0.58849558 | BB5: =+VLOOKUP($A5,INDIRECT(Adrese!F$2),7,FALSE) -> 0.59292035 | BC5: =TEXT(BD5,"0.00")&" ("&TEXT(BE5,"0.00")&")" -> 0.60 (0.01) | BD5: =AVERAGE(AX5:BB5) -> 0.59734513 | BE5: =_xlfn.STDEV.S(AX5:BB5) -> 0.0069961895 | BG5: EvolvedLookerUp2_2_2 | BH5: =+VLOOKUP($BG5,INDIRECT(Adrese!B$2),8,FALSE) -> 0.06051287 | BI5: =+VLOOKUP($BG5,INDIRECT(Adrese!C$2),8,FALSE) -> 0.062661101 | BJ5: =+VLOOKUP($BG5,INDIRECT(Adrese!D$2),8,FALSE) -> 0.060619736 | BK5: =+VLOOKUP($BG5,INDIRECT(Adrese!E$2),8,FALSE) -> 0.060188604 | BL5: =+VLOOKUP($BG5,INDIRECT(Adrese!F$2),8,FALSE) -> 0.059851345 | BM5: =TEXT(BN5,"0.00")&" ("&TEXT(BO5,"0.00")&")" -> 0.06 (0.00) | BN5: =AVERAGE(BH5:BL5) -> 0.060766731 | BO5: =_xlfn.STDEV.S(BH5:BL5) -> 0.0011007784 | BQ5: EvolvedLookerUp2_2_2 | BR5: =+VLOOKUP($BG5,INDIRECT(Adrese!B$2),9,FALSE) -> -0.020244987 | BS5: =+VLOOKUP($BG5,INDIRECT(Adrese!C$2),9,FALSE) -> -0.028521358 | BT5: =+VLOOKUP($BG5,INDIRECT(Adrese!D$2),9,FALSE) -> -0.020853766 | BU5: =+VLOOKUP($BG5,INDIRECT(Adrese!E$2),9,FALSE) -> -0.023219528 | BV5: =+VLOOKUP($BG5,INDIRECT(Adrese!F$2),9,FALSE) -> -0.017620107 | BW5: =TEXT(BX5,"0.00")&" ("&TEXT(BY5,"0.00")&")" -> -0.02 (0.00) | BX5: =AVERAGE(BR5:BV5) -> -0.022091949 | BY5: =_xlfn.STDEV.S(BR5:BV5) -> 0.004109455
A6: Evolved HMM 5 | B6: =+VLOOKUP($A6,INDIRECT(Adrese!B$2),2,FALSE) -> 45 | C6: =+VLOOKUP($A6,INDIRECT(Adrese!C$2),2,FALSE) -> 45 | D6: =+VLOOKUP($A6,INDIRECT(Adrese!D$2),2,FALSE) -> 86 | E6: =+VLOOKUP($A6,INDIRECT(Adrese!E$2),2,FALSE) -> 92 | F6: =+VLOOKUP($A6,INDIRECT(Adrese!F$2),2,FALSE) -> 90 | G6: =AVERAGE(B6:F6) -> 71.6 | J6: Evolved HMM 5 | K6: =+VLOOKUP($A6,INDIRECT(Adrese!B$2),3,FALSE) -> 105 | L6: =+VLOOKUP($A6,INDIRECT(Adrese!C$2),3,FALSE) -> 107 | M6: =+VLOOKUP($A6,INDIRECT(Adrese!D$2),3,FALSE) -> 105 | N6: =+VLOOKUP($A6,INDIRECT(Adrese!E$2),3,FALSE) -> 101 | O6: =+VLOOKUP($A6,INDIRECT(Adrese!F$2),3,FALSE) -> 100 | P6: =SUM(K6:O6) -> 518 | Q6: =AVERAGE(K6:O6) -> 103.6 | T6: Evolved HMM 5 | U6: =+VLOOKUP($T6,INDIRECT(Adrese!B$2),4,FALSE) -> 97844 | V6: =+VLOOKUP($T6,INDIRECT(Adrese!C$2),4,FALSE) -> 97718 | W6: =+VLOOKUP($T6,INDIRECT(Adrese!D$2),4,FALSE) -> 96228 | X6: =+VLOOKUP($T6,INDIRECT(Adrese!E$2),4,FALSE) -> 95994 | Y6: =+VLOOKUP($T6,INDIRECT(Adrese!F$2),4,FALSE) -> 95938 | Z6: =SUM(U6:Y6) -> 483722 | AA6: =AVERAGE(U6:Y6) -> 96744.4 | AC6: Evolved HMM 5 | AD6: =+VLOOKUP($A6,INDIRECT(Adrese!B$2),5,FALSE) -> 15873 | AE6: =+VLOOKUP($A6,INDIRECT(Adrese!C$2),5,FALSE) -> 15566 | AF6: =+VLOOKUP($A6,INDIRECT(Adrese!D$2),5,FALSE) -> 15667 | AG6: =+VLOOKUP($A6,INDIRECT(Adrese!E$2),5,FALSE) -> 15471 | AH6: =+VLOOKUP($A6,INDIRECT(Adrese!F$2),5,FALSE) -> 15558 | AI6: =AVERAGE(AD6:AH6) -> 15627 | AM6: Evolved HMM 5 | AN6: =+VLOOKUP($A6,INDIRECT(Adrese!B$2),6,FALSE) -> 0.34893805 | AO6: =+VLOOKUP($A6,INDIRECT(Adrese!C$2),6,FALSE) -> 0.34276549 | AP6: =+VLOOKUP($A6,INDIRECT(Adrese!D$2),6,FALSE) -> 0.34471239 | AQ6: =+VLOOKUP($A6,INDIRECT(Adrese!E$2),6,FALSE) -> 0.34026549 | AR6: =+VLOOKUP($A6,INDIRECT(Adrese!F$2),6,FALSE) -> 0.3424115 | AS6: =TEXT(AT6,"0.00")&" ("&TEXT(AU6,"0.00")&")" -> 0.34 (0.00) | AT6: =AVERAGE(AN6:AR6) -> 0.34381858 | AU6: =_xlfn.STDEV.S(AN6:AR6) -> 0.0032680743 | AW6: Evolved HMM 5 | AX6: =+VLOOKUP($A6,INDIRECT(Adrese!B$2),7,FALSE) -> 0.53539823 | AY6: =+VLOOKUP($A6,INDIRECT(Adrese!C$2),7,FALSE) -> 0.52654867 | AZ6: =+VLOOKUP($A6,INDIRECT(Adrese!D$2),7,FALSE) -> 0.53539823 | BA6: =+VLOOKUP($A6,INDIRECT(Adrese!E$2),7,FALSE) -> 0.55309735 | BB6: =+VLOOKUP($A6,INDIRECT(Adrese!F$2),7,FALSE) -> 0.55752212 | BC6: =TEXT(BD6,"0.00")&" ("&TEXT(BE6,"0.00")&")" -> 0.54 (0.01) | BD6: =AVERAGE(AX6:BB6) -> 0.54159292 | BE6: =_xlfn.STDEV.S(AX6:BB6) -> 0.013126015 | BG6: Evolved HMM 5 | BH6: =+VLOOKUP($BG6,INDIRECT(Adrese!B$2),8,FALSE) -> 0.043087687 | BI6: =+VLOOKUP($BG6,INDIRECT(Adrese!C$2),8,FALSE) -> 0.04199285 | BJ6: =+VLOOKUP($BG6,INDIRECT(Adrese!D$2),8,FALSE) -> 0.042606709 | BK6: =+VLOOKUP($BG6,INDIRECT(Adrese!E$2),8,FALSE) -> 0.041904926 | BL6: =+VLOOKUP($BG6,INDIRECT(Adrese!F$2),8,FALSE) -> 0.04216712 | BM6: =TEXT(BN6,"0.00")&" ("&TEXT(BO6,"0.00")&")" -> 0.04 (0.00) | BN6: =AVERAGE(BH6:BL6) -> 0.042351858 | BO6: =_xlfn.STDEV.S(BH6:BL6) -> 0.00049222871 | BQ6: Evolved HMM 5 | BR6: =+VLOOKUP($BG6,INDIRECT(Adrese!B$2),9,FALSE) -> 0.0098277383 | BS6: =+VLOOKUP($BG6,INDIRECT(Adrese!C$2),9,FALSE) -> 0.0097544208 | BT6: =+VLOOKUP($BG6,INDIRECT(Adrese!D$2),9,FALSE) -> 0.013541547 | BU6: =+VLOOKUP($BG6,INDIRECT(Adrese!E$2),9,FALSE) -> 0.01274334 | BV6: =+VLOOKUP($BG6,INDIRECT(Adrese!F$2),9,FALSE) -> 0.010816961 | BW6: =TEXT(BX6,"0.00")&" ("&TEXT(BY6,"0.00")&")" -> 0.01 (0.00) | BX6: =AVERAGE(BR6:BV6) -> 0.011336801 | BY6: =_xlfn.STDEV.S(BR6:BV6) -> 0.0017241437
A7: Evolved FSM 16 | B7: =+VLOOKUP($A7,INDIRECT(Adrese!B$2),2,FALSE) -> 109 | C7: =+VLOOKUP($A7,INDIRECT(Adrese!C$2),2,FALSE) -> 92 | D7: =+VLOOKUP($A7,INDIRECT(Adrese!D$2),2,FALSE) -> 135 | E7: =+VLOOKUP($A7,INDIRECT(Adrese!E$2),2,FALSE) -> 112 | F7: =+VLOOKUP($A7,INDIRECT(Adrese!F$2),2,FALSE) -> 136 | G7: =AVERAGE(B7:F7) -> 116.8 | J7: Evolved FSM 16 | K7: =+VLOOKUP($A7,INDIRECT(Adrese!B$2),3,FALSE) -> 132 | L7: =+VLOOKUP($A7,INDIRECT(Adrese!C$2),3,FALSE) -> 136 | M7: =+VLOOKUP($A7,INDIRECT(Adrese!D$2),3,FALSE) -> 132 | N7: =+VLOOKUP($A7,INDIRECT(Adrese!E$2),3,FALSE) -> 131 | O7: =+VLOOKUP($A7,INDIRECT(Adrese!F$2),3,FALSE) -> 134 | P7: =SUM(K7:O7) -> 665 | Q7: =AVERAGE(K7:O7) -> 133 | T7: Evolved FSM 16 | U7: =+VLOOKUP($T7,INDIRECT(Adrese!B$2),4,FALSE) -> 95319 | V7: =+VLOOKUP($T7,INDIRECT(Adrese!C$2),4,FALSE) -> 95780 | W7: =+VLOOKUP($T7,INDIRECT(Adrese!D$2),4,FALSE) -> 94131 | X7: =+VLOOKUP($T7,INDIRECT(Adrese!E$2),4,FALSE) -> 95111 | Y7: =+VLOOKUP($T7,INDIRECT(Adrese!F$2),4,FALSE) -> 94186 | Z7: =SUM(U7:Y7) -> 474527 | AA7: =AVERAGE(U7:Y7) -> 94905.4 | AC7: Evolved FSM 16 | AD7: =+VLOOKUP($A7,INDIRECT(Adrese!B$2),5,FALSE) -> 13536 | AE7: =+VLOOKUP($A7,INDIRECT(Adrese!C$2),5,FALSE) -> 13505 | AF7: =+VLOOKUP($A7,INDIRECT(Adrese!D$2),5,FALSE) -> 14080 | AG7: =+VLOOKUP($A7,INDIRECT(Adrese!E$2),5,FALSE) -> 13351 | AH7: =+VLOOKUP($A7,INDIRECT(Adrese!F$2),5,FALSE) -> 13384 | AI7: =AVERAGE(AD7:AH7) -> 13571.2 | AM7: Evolved FSM 16 | AN7: =+VLOOKUP($A7,INDIRECT(Adrese!B$2),6,FALSE) -> 0.29785398 | AO7: =+VLOOKUP($A7,INDIRECT(Adrese!C$2),6,FALSE) -> 0.29825221 | AP7: =+VLOOKUP($A7,INDIRECT(Adrese!D$2),6,FALSE) -> 0.3099115 | AQ7: =+VLOOKUP($A7,INDIRECT(Adrese!E$2),6,FALSE) -> 0.29382743 | AR7: =+VLOOKUP($A7,INDIRECT(Adrese!F$2),6,FALSE) -> 0.2945354 | AS7: =TEXT(AT7,"0.00")&" ("&TEXT(AU7,"0.00")&")" -> 0.30 (0.01) | AT7: =AVERAGE(AN7:AR7) -> 0.29887611 | AU7: =_xlfn.STDEV.S(AN7:AR7) -> 0.0064719556 | AW7: Evolved FSM 16 | AX7: =+VLOOKUP($A7,INDIRECT(Adrese!B$2),7,FALSE) -> 0.4159292 | AY7: =+VLOOKUP($A7,INDIRECT(Adrese!C$2),7,FALSE) -> 0.39823009 | AZ7: =+VLOOKUP($A7,INDIRECT(Adrese!D$2),7,FALSE) -> 0.4159292 | BA7: =+VLOOKUP($A7,INDIRECT(Adrese!E$2),7,FALSE) -> 0.42035398 | BB7: =+VLOOKUP($A7,INDIRECT(Adrese!F$2),7,FALSE) -> 0.40707965 | BC7: =TEXT(BD7,"0.00")&" ("&TEXT(BE7,"0.00")&")" -> 0.41 (0.01) | BD7: =AVERAGE(AX7:BB7) -> 0.41150442 | BE7: =_xlfn.STDEV.S(AX7:BB7) -> 0.0088495575 | BG7: Evolved FSM 16 | BH7: =+VLOOKUP($BG7,INDIRECT(Adrese!B$2),8,FALSE) -> 0.033685306 | BI7: =+VLOOKUP($BG7,INDIRECT(Adrese!C$2),8,FALSE) -> 0.034468696 | BJ7: =+VLOOKUP($BG7,INDIRECT(Adrese!D$2),8,FALSE) -> 0.035320495 | BK7: =+VLOOKUP($BG7,INDIRECT(Adrese!E$2),8,FALSE) -> 0.033074265 | BL7: =+VLOOKUP($BG7,INDIRECT(Adrese!F$2),8,FALSE) -> 0.033274851 | BM7: =TEXT(BN7,"0.00")&" ("&TEXT(BO7,"0.00")&")" -> 0.03 (0.00) | BN7: =AVERAGE(BH7:BL7) -> 0.033964723 | BO7: =_xlfn.STDEV.S(BH7:BL7) -> 0.00092722968 | BQ7: Evolved FSM 16 | BR7: =+VLOOKUP($BG7,INDIRECT(Adrese!B$2),9,FALSE) -> 0.011684116 | BS7: =+VLOOKUP($BG7,INDIRECT(Adrese!C$2),9,FALSE) -> 0.017363551 | BT7: =+VLOOKUP($BG7,INDIRECT(Adrese!D$2),9,FALSE) -> 0.010706733 | BU7: =+VLOOKUP($BG7,INDIRECT(Adrese!E$2),9,FALSE) -> 0.016134367 | BV7: =+VLOOKUP($BG7,INDIRECT(Adrese!F$2),9,FALSE) -> 0.014780028 | BW7: =TEXT(BX7,"0.00")&" ("&TEXT(BY7,"0.00")&")" -> 0.01 (0.00) | BX7: =AVERAGE(BR7:BV7) -> 0.014133759 | BY7: =_xlfn.STDEV.S(BR7:BV7) -> 0.0028546848
A8: PSO Gambler 1_1_1 | B8: =+VLOOKUP($A8,INDIRECT(Adrese!B$2),2,FALSE) -> 115 | C8: =+VLOOKUP($A8,INDIRECT(Adrese!C$2),2,FALSE) -> 146 | D8: =+VLOOKUP($A8,INDIRECT(Adrese!D$2),2,FALSE) -> 59 | E8: =+VLOOKUP($A8,INDIRECT(Adrese!E$2),2,FALSE) -> 135 | F8: =+VLOOKUP($A8,INDIRECT(Adrese!F$2),2,FALSE) -> 130 | G8: =AVERAGE(B8:F8) -> 117 | J8: PSO Gambler 1_1_1 | K8: =+VLOOKUP($A8,INDIRECT(Adrese!B$2),3,FALSE) -> 130 | L8: =+VLOOKUP($A8,INDIRECT(Adrese!C$2),3,FALSE) -> 124 | M8: =+VLOOKUP($A8,INDIRECT(Adrese!D$2),3,FALSE) -> 140 | N8: =+VLOOKUP($A8,INDIRECT(Adrese!E$2),3,FALSE) -> 126 | O8: =+VLOOKUP($A8,INDIRECT(Adrese!F$2),3,FALSE) -> 128 | P8: =SUM(K8:O8) -> 648 | Q8: =AVERAGE(K8:O8) -> 129.6 | T8: PSO Gambler 1_1_1 | U8: =+VLOOKUP($T8,INDIRECT(Adrese!B$2),4,FALSE) -> 94832 | V8: =+VLOOKUP($T8,INDIRECT(Adrese!C$2),4,FALSE) -> 93758 | W8: =+VLOOKUP($T8,INDIRECT(Adrese!D$2),4,FALSE) -> 96915 | X8: =+VLOOKUP($T8,INDIRECT(Adrese!E$2),4,FALSE) -> 94274 | Y8: =+VLOOKUP($T8,INDIRECT(Adrese!F$2),4,FALSE) -> 94417 | Z8: =SUM(U8:Y8) -> 474196 | AA8: =AVERAGE(U8:Y8) -> 94839.2 | AC8: PSO Gambler 1_1_1 | AD8: =+VLOOKUP($A8,INDIRECT(Adrese!B$2),5,FALSE) -> 14251 | AE8: =+VLOOKUP($A8,INDIRECT(Adrese!C$2),5,FALSE) -> 14268 | AF8: =+VLOOKUP($A8,INDIRECT(Adrese!D$2),5,FALSE) -> 14256 | AG8: =+VLOOKUP($A8,INDIRECT(Adrese!E$2),5,FALSE) -> 14513 | AH8: =+VLOOKUP($A8,INDIRECT(Adrese!F$2),5,FALSE) -> 14710 | AI8: =AVERAGE(AD8:AH8) -> 14399.6 | AM8: PSO Gambler 1_1_1 | AN8: =+VLOOKUP($A8,INDIRECT(Adrese!B$2),6,FALSE) -> 0.3139823 | AO8: =+VLOOKUP($A8,INDIRECT(Adrese!C$2),6,FALSE) -> 0.3145354 | AP8: =+VLOOKUP($A8,INDIRECT(Adrese!D$2),6,FALSE) -> 0.31451327 | AQ8: =+VLOOKUP($A8,INDIRECT(Adrese!E$2),6,FALSE) -> 0.31929204 | AR8: =+VLOOKUP($A8,INDIRECT(Adrese!F$2),6,FALSE) -> 0.32429204 | AS8: =TEXT(AT8,"0.00")&" ("&TEXT(AU8,"0.00")&")" -> 0.32 (0.00) | AT8: =AVERAGE(AN8:AR8) -> 0.31732301 | AU8: =_xlfn.STDEV.S(AN8:AR8) -> 0.0044516881 | AW8: PSO Gambler 1_1_1 | AX8: =+VLOOKUP($A8,INDIRECT(Adrese!B$2),7,FALSE) -> 0.42477876 | AY8: =+VLOOKUP($A8,INDIRECT(Adrese!C$2),7,FALSE) -> 0.45132743 | AZ8: =+VLOOKUP($A8,INDIRECT(Adrese!D$2),7,FALSE) -> 0.38053097 | BA8: =+VLOOKUP($A8,INDIRECT(Adrese!E$2),7,FALSE) -> 0.44247788 | BB8: =+VLOOKUP($A8,INDIRECT(Adrese!F$2),7,FALSE) -> 0.43362832 | BC8: =TEXT(BD8,"0.00")&" ("&TEXT(BE8,"0.00")&")" -> 0.43 (0.03) | BD8: =AVERAGE(AX8:BB8) -> 0.42654867 | BE8: =_xlfn.STDEV.S(AX8:BB8) -> 0.02756179 | BG8: PSO Gambler 1_1_1 | BH8: =+VLOOKUP($BG8,INDIRECT(Adrese!B$2),8,FALSE) -> 0.042106992 | BI8: =+VLOOKUP($BG8,INDIRECT(Adrese!C$2),8,FALSE) -> 0.042093535 | BJ8: =+VLOOKUP($BG8,INDIRECT(Adrese!D$2),8,FALSE) -> 0.042441001 | BK8: =+VLOOKUP($BG8,INDIRECT(Adrese!E$2),8,FALSE) -> 0.042916204 | BL8: =+VLOOKUP($BG8,INDIRECT(Adrese!F$2),8,FALSE) -> 0.043383957 | BM8: =TEXT(BN8,"0.00")&" ("&TEXT(BO8,"0.00")&")" -> 0.04 (0.00) | BN8: =AVERAGE(BH8:BL8) -> 0.042588338 | BO8: =_xlfn.STDEV.S(BH8:BL8) -> 0.00055649289 | BQ8: PSO Gambler 1_1_1 | BR8: =+VLOOKUP($BG8,INDIRECT(Adrese!B$2),9,FALSE) -> 0.058446015 | BS8: =+VLOOKUP($BG8,INDIRECT(Adrese!C$2),9,FALSE) -> 0.056267381 | BT8: =+VLOOKUP($BG8,INDIRECT(Adrese!D$2),9,FALSE) -> 0.058094806 | BU8: =+VLOOKUP($BG8,INDIRECT(Adrese!E$2),9,FALSE) -> 0.057305355 | BV8: =+VLOOKUP($BG8,INDIRECT(Adrese!F$2),9,FALSE) -> 0.055455091 | BW8: =TEXT(BX8,"0.00")&" ("&TEXT(BY8,"0.00")&")" -> 0.06 (0.00) | BX8: =AVERAGE(BR8:BV8) -> 0.05711373 | BY8: =_xlfn.STDEV.S(BR8:BV8) -> 0.0012491601
A9: Evolved FSM 16 Noise 05 | B9: =+VLOOKUP($A9,INDIRECT(Adrese!B$2),2,FALSE) -> 9 | C9: =+VLOOKUP($A9,INDIRECT(Adrese!C$2),2,FALSE) -> 6 | D9: =+VLOOKUP($A9,INDIRECT(Adrese!D$2),2,FALSE) -> 6 | E9: =+VLOOKUP($A9,INDIRECT(Adrese!E$2),2,FALSE) -> 9 | F9: =+VLOOKUP($A9,INDIRECT(Adrese!F$2),2,FALSE) -> 13 | G9: =AVERAGE(B9:F9) -> 8.6 | J9: Evolved FSM 16 Noise 05 | K9: =+VLOOKUP($A9,INDIRECT(Adrese!B$2),3,FALSE) -> 112 | L9: =+VLOOKUP($A9,INDIRECT(Adrese!C$2),3,FALSE) -> 106 | M9: =+VLOOKUP($A9,INDIRECT(Adrese!D$2),3,FALSE) -> 111 | N9: =+VLOOKUP($A9,INDIRECT(Adrese!E$2),3,FALSE) -> 103 | O9: =+VLOOKUP($A9,INDIRECT(Adrese!F$2),3,FALSE) -> 100 | P9: =SUM(K9:O9) -> 532 | Q9: =AVERAGE(K9:O9) -> 106.4 | T9: Evolved FSM 16 Noise 05 | U9: =+VLOOKUP($T9,INDIRECT(Adrese!B$2),4,FALSE) -> 101553 | V9: =+VLOOKUP($T9,INDIRECT(Adrese!C$2),4,FALSE) -> 102979 | W9: =+VLOOKUP($T9,INDIRECT(Adrese!D$2),4,FALSE) -> 102943 | X9: =+VLOOKUP($T9,INDIRECT(Adrese!E$2),4,FALSE) -> 101701 | Y9: =+VLOOKUP($T9,INDIRECT(Adrese!F$2),4,FALSE) -> 101036 | Z9: =SUM(U9:Y9) -> 510212 | AA9: =AVERAGE(U9:Y9) -> 102042.4 | AC9: Evolved FSM 16 Noise 05 | AD9: =+VLOOKUP($A9,INDIRECT(Adrese!B$2),5,FALSE) -> 17311 | AE9: =+VLOOKUP($A9,INDIRECT(Adrese!C$2),5,FALSE) -> 17572 | AF9: =+VLOOKUP($A9,INDIRECT(Adrese!D$2),5,FALSE) -> 17730 | AG9: =+VLOOKUP($A9,INDIRECT(Adrese!E$2),5,FALSE) -> 17454 | AH9: =+VLOOKUP($A9,INDIRECT(Adrese!F$2),5,FALSE) -> 16725 | AI9: =AVERAGE(AD9:AH9) -> 17358.4 | AM9: Evolved FSM 16 Noise 05 | AN9: =+VLOOKUP($A9,INDIRECT(Adrese!B$2),6,FALSE) -> 0.38103982 | AO9: =+VLOOKUP($A9,INDIRECT(Adrese!C$2),6,FALSE) -> 0.38537611 | AP9: =+VLOOKUP($A9,INDIRECT(Adrese!D$2),6,FALSE) -> 0.38951327 | AQ9: =+VLOOKUP($A9,INDIRECT(Adrese!E$2),6,FALSE) -> 0.3835177 | AR9: =+VLOOKUP($A9,INDIRECT(Adrese!F$2),6,FALSE) -> 0.3680531 | AS9: =TEXT(AT9,"0.00")&" ("&TEXT(AU9,"0.00")&")" -> 0.38 (0.01) | AT9: =AVERAGE(AN9:AR9) -> 0.3815 | AU9: =_xlfn.STDEV.S(AN9:AR9) -> 0.0081292501 | AW9: Evolved FSM 16 Noise 05 | AX9: =+VLOOKUP($A9,INDIRECT(Adrese!B$2),7,FALSE) -> 0.50442478 | AY9: =+VLOOKUP($A9,INDIRECT(Adrese!C$2),7,FALSE) -> 0.53097345 | AZ9: =+VLOOKUP($A9,INDIRECT(Adrese!D$2),7,FALSE) -> 0.50884956 | BA9: =+VLOOKUP($A9,INDIRECT(Adrese!E$2),7,FALSE) -> 0.54424779 | BB9: =+VLOOKUP($A9,INDIRECT(Adrese!F$2),7,FALSE) -> 0.55752212 | BC9: =TEXT(BD9,"0.00")&" ("&TEXT(BE9,"0.00")&")" -> 0.53 (0.02) | BD9: =AVERAGE(AX9:BB9) -> 0.52920354 | BE9: =_xlfn.STDEV.S(AX9:BB9) -> 0.022691825 | BG9: Evolved FSM 16 Noise 05 | BH9: =+VLOOKUP($BG9,INDIRECT(Adrese!B$2),8,FALSE) -> 0.051134999 | BI9: =+VLOOKUP($BG9,INDIRECT(Adrese!C$2),8,FALSE) -> 0.052463261 | BJ9: =+VLOOKUP($BG9,INDIRECT(Adrese!D$2),8,FALSE) -> 0.052397249 | BK9: =+VLOOKUP($BG9,INDIRECT(Adrese!E$2),8,FALSE) -> 0.051703425 | BL9: =+VLOOKUP($BG9,INDIRECT(Adrese!F$2),8,FALSE) -> 0.049681957 | BM9: =TEXT(BN9,"0.00")&" ("&TEXT(BO9,"0.00")&")" -> 0.05 (0.00) | BN9: =AVERAGE(BH9:BL9) -> 0.051476178 | BO9: =_xlfn.STDEV.S(BH9:BL9) -> 0.0011412689 | BQ9: Evolved FSM 16 Noise 05 | BR9: =+VLOOKUP($BG9,INDIRECT(Adrese!B$2),9,FALSE) -> 0.025621923 | BS9: =+VLOOKUP($BG9,INDIRECT(Adrese!C$2),9,FALSE) -> 0.022904291 | BT9: =+VLOOKUP($BG9,INDIRECT(Adrese!D$2),9,FALSE) -> 0.020692666 | BU9: =+VLOOKUP($BG9,INDIRECT(Adrese!E$2),9,FALSE) -> 0.022229352 | BV9: =+VLOOKUP($BG9,INDIRECT(Adrese!F$2),9,FALSE) -> 0.031225783 | BW9: =TEXT(BX9,"0.00")&" ("&TEXT(BY9,"0.00")&")" -> 0.02 (0.00) | BX9: =AVERAGE(BR9:BV9) -> 0.024534803 | BY9: =_xlfn.STDEV.S(BR9:BV9) -> 0.0041438728
A10: Evolved ANN | B10: =+VLOOKUP($A10,INDIRECT(Adrese!B$2),2,FALSE) -> 6 | C10: =+VLOOKUP($A10,INDIRECT(Adrese!C$2),2,FALSE) -> 8 | D10: =+VLOOKUP($A10,INDIRECT(Adrese!D$2),2,FALSE) -> 10 | E10: =+VLOOKUP($A10,INDIRECT(Adrese!E$2),2,FALSE) -> 8 | F10: =+VLOOKUP($A10,INDIRECT(Adrese!F$2),2,FALSE) -> 10 | G10: =AVERAGE(B10:F10) -> 8.4 | J10: Evolved ANN | K10: =+VLOOKUP($A10,INDIRECT(Adrese!B$2),3,FALSE) -> 174 | L10: =+VLOOKUP($A10,INDIRECT(Adrese!C$2),3,FALSE) -> 178 | M10: =+VLOOKUP($A10,INDIRECT(Adrese!D$2),3,FALSE) -> 175 | N10: =+VLOOKUP($A10,INDIRECT(Adrese!E$2),3,FALSE) -> 177 | O10: =+VLOOKUP($A10,INDIRECT(Adrese!F$2),3,FALSE) -> 181 | P10: =SUM(K10:O10) -> 885 | Q10: =AVERAGE(K10:O10) -> 177 | T10: Evolved ANN | U10: =+VLOOKUP($T10,INDIRECT(Adrese!B$2),4,FALSE) -> 102638 | V10: =+VLOOKUP($T10,INDIRECT(Adrese!C$2),4,FALSE) -> 102203 | W10: =+VLOOKUP($T10,INDIRECT(Adrese!D$2),4,FALSE) -> 101729 | X10: =+VLOOKUP($T10,INDIRECT(Adrese!E$2),4,FALSE) -> 101771 | Y10: =+VLOOKUP($T10,INDIRECT(Adrese!F$2),4,FALSE) -> 101651 | Z10: =SUM(U10:Y10) -> 509992 | AA10: =AVERAGE(U10:Y10) -> 101998.4 | AC10: Evolved ANN | AD10: =+VLOOKUP($A10,INDIRECT(Adrese!B$2),5,FALSE) -> 13066 | AE10: =+VLOOKUP($A10,INDIRECT(Adrese!C$2),5,FALSE) -> 12012 | AF10: =+VLOOKUP($A10,INDIRECT(Adrese!D$2),5,FALSE) -> 13337 | AG10: =+VLOOKUP($A10,INDIRECT(Adrese!E$2),5,FALSE) -> 12169 | AH10: =+VLOOKUP($A10,INDIRECT(Adrese!F$2),5,FALSE) -> 12045 | AI10: =AVERAGE(AD10:AH10) -> 12525.8 | AM10: Evolved ANN | AN10: =+VLOOKUP($A10,INDIRECT(Adrese!B$2),6,FALSE) -> 0.28679204 | AO10: =+VLOOKUP($A10,INDIRECT(Adrese!C$2),6,FALSE) -> 0.2635177 | AP10: =+VLOOKUP($A10,INDIRECT(Adrese!D$2),6,FALSE) -> 0.29219027 | AQ10: =+VLOOKUP($A10,INDIRECT(Adrese!E$2),6,FALSE) -> 0.26783186 | AR10: =+VLOOKUP($A10,INDIRECT(Adrese!F$2),6,FALSE) -> 0.26382743 | AS10: =TEXT(AT10,"0.00")&" ("&TEXT(AU10,"0.00")&")" -> 0.27 (0.01) | AT10: =AVERAGE(AN10:AR10) -> 0.27483186 | AU10: =_xlfn.STDEV.S(AN10:AR10) -> 0.01362413 | AW10: Evolved ANN | AX10: =+VLOOKUP($A10,INDIRECT(Adrese!B$2),7,FALSE) -> 0.2300885 | AY10: =+VLOOKUP($A10,INDIRECT(Adrese!C$2),7,FALSE) -> 0.21238938 | AZ10: =+VLOOKUP($A10,INDIRECT(Adrese!D$2),7,FALSE) -> 0.22566372 | BA10: =+VLOOKUP($A10,INDIRECT(Adrese!E$2),7,FALSE) -> 0.21681416 | BB10: =+VLOOKUP($A10,INDIRECT(Adrese!F$2),7,FALSE) -> 0.19911504 | BC10: =TEXT(BD10,"0.00")&" ("&TEXT(BE10,"0.00")&")" -> 0.22 (0.01) | BD10: =AVERAGE(AX10:BB10) -> 0.21681416 | BE10: =_xlfn.STDEV.S(AX10:BB10) -> 0.012117756 | BG10: Evolved ANN | BH10: =+VLOOKUP($BG10,INDIRECT(Adrese!B$2),8,FALSE) -> 0.042658931 | BI10: =+VLOOKUP($BG10,INDIRECT(Adrese!C$2),8,FALSE) -> 0.037994546 | BJ10: =+VLOOKUP($BG10,INDIRECT(Adrese!D$2),8,FALSE) -> 0.042781665 | BK10: =+VLOOKUP($BG10,INDIRECT(Adrese!E$2),8,FALSE) -> 0.039103434 | BL10: =+VLOOKUP($BG10,INDIRECT(Adrese!F$2),8,FALSE) -> 0.038177126 | BM10: =TEXT(BN10,"0.00")&" ("&TEXT(BO10,"0.00")&")" -> 0.04 (0.00) | BN10: =AVERAGE(BH10:BL10) -> 0.04014314 | BO10: =_xlfn.STDEV.S(BH10:BL10) -> 0.0023902758 | BQ10: Evolved ANN | BR10: =+VLOOKUP($BG10,INDIRECT(Adrese!B$2),9,FALSE) -> 0.066014802 | BS10: =+VLOOKUP($BG10,INDIRECT(Adrese!C$2),9,FALSE) -> 0.068860943 | BT10: =+VLOOKUP($BG10,INDIRECT(Adrese!D$2),9,FALSE) -> 0.059422968 | BU10: =+VLOOKUP($BG10,INDIRECT(Adrese!E$2),9,FALSE) -> 0.067460859 | BV10: =+VLOOKUP($BG10,INDIRECT(Adrese!F$2),9,FALSE) -> 0.069102334 | BW10: =TEXT(BX10,"0.00")&" ("&TEXT(BY10,"0.00")&")" -> 0.07 (0.00) | BX10: =AVERAGE(BR10:BV10) -> 0.066172381 | BY10: =_xlfn.STDEV.S(BR10:BV10) -> 0.0039702824
A11: Evolved ANN 5 | B11: =+VLOOKUP($A11,INDIRECT(Adrese!B$2),2,FALSE) -> 116 | C11: =+VLOOKUP($A11,INDIRECT(Adrese!C$2),2,FALSE) -> 78 | D11: =+VLOOKUP($A11,INDIRECT(Adrese!D$2),2,FALSE) -> 126 | E11: =+VLOOKUP($A11,INDIRECT(Adrese!E$2),2,FALSE) -> 97 | F11: =+VLOOKUP($A11,INDIRECT(Adrese!F$2),2,FALSE) -> 142 | G11: =AVERAGE(B11:F11) -> 111.8 | J11: Evolved ANN 5 | K11: =+VLOOKUP($A11,INDIRECT(Adrese!B$2),3,FALSE) -> 168 | L11: =+VLOOKUP($A11,INDIRECT(Adrese!C$2),3,FALSE) -> 173 | M11: =+VLOOKUP($A11,INDIRECT(Adrese!D$2),3,FALSE) -> 176 | N11: =+VLOOKUP($A11,INDIRECT(Adrese!E$2),3,FALSE) -> 181 | O11: =+VLOOKUP($A11,INDIRECT(Adrese!F$2),3,FALSE) -> 180 | P11: =SUM(K11:O11) -> 878 | Q11: =AVERAGE(K11:O11) -> 175.6 | T11: Evolved ANN 5 | U11: =+VLOOKUP($T11,INDIRECT(Adrese!B$2),4,FALSE) -> 94752 | V11: =+VLOOKUP($T11,INDIRECT(Adrese!C$2),4,FALSE) -> 96109 | W11: =+VLOOKUP($T11,INDIRECT(Adrese!D$2),4,FALSE) -> 94702 | X11: =+VLOOKUP($T11,INDIRECT(Adrese!E$2),4,FALSE) -> 95735 | Y11: =+VLOOKUP($T11,INDIRECT(Adrese!F$2),4,FALSE) -> 93934 | Z11: =SUM(U11:Y11) -> 475232 | AA11: =AVERAGE(U11:Y11) -> 95046.4 | AC11: Evolved ANN 5 | AD11: =+VLOOKUP($A11,INDIRECT(Adrese!B$2),5,FALSE) -> 13738 | AE11: =+VLOOKUP($A11,INDIRECT(Adrese!C$2),5,FALSE) -> 13870 | AF11: =+VLOOKUP($A11,INDIRECT(Adrese!D$2),5,FALSE) -> 14222 | AG11: =+VLOOKUP($A11,INDIRECT(Adrese!E$2),5,FALSE) -> 14429 | AH11: =+VLOOKUP($A11,INDIRECT(Adrese!F$2),5,FALSE) -> 13177 | AI11: =AVERAGE(AD11:AH11) -> 13887.2 | AM11: Evolved ANN 5 | AN11: =+VLOOKUP($A11,INDIRECT(Adrese!B$2),6,FALSE) -> 0.30265487 | AO11: =+VLOOKUP($A11,INDIRECT(Adrese!C$2),6,FALSE) -> 0.30639381 | AP11: =+VLOOKUP($A11,INDIRECT(Adrese!D$2),6,FALSE) -> 0.31362832 | AQ11: =+VLOOKUP($A11,INDIRECT(Adrese!E$2),6,FALSE) -> 0.31871681 | AR11: =+VLOOKUP($A11,INDIRECT(Adrese!F$2),6,FALSE) -> 0.29028761 | AS11: =TEXT(AT11,"0.00")&" ("&TEXT(AU11,"0.00")&")" -> 0.31 (0.01) | AT11: =AVERAGE(AN11:AR11) -> 0.30633628 | AU11: =_xlfn.STDEV.S(AN11:AR11) -> 0.010926657 | AW11: Evolved ANN 5 | AX11: =+VLOOKUP($A11,INDIRECT(Adrese!B$2),7,FALSE) -> 0.25663717 | AY11: =+VLOOKUP($A11,INDIRECT(Adrese!C$2),7,FALSE) -> 0.23451327 | AZ11: =+VLOOKUP($A11,INDIRECT(Adrese!D$2),7,FALSE) -> 0.22123894 | BA11: =+VLOOKUP($A11,INDIRECT(Adrese!E$2),7,FALSE) -> 0.19911504 | BB11: =+VLOOKUP($A11,INDIRECT(Adrese!F$2),7,FALSE) -> 0.20353982 | BC11: =TEXT(BD11,"0.00")&" ("&TEXT(BE11,"0.00")&")" -> 0.22 (0.02) | BD11: =AVERAGE(AX11:BB11) -> 0.22300885 | BE11: =_xlfn.STDEV.S(AX11:BB11) -> 0.023538825 | BG11: Evolved ANN 5 | BH11: =+VLOOKUP($BG11,INDIRECT(Adrese!B$2),8,FALSE) -> 0.044381422 | BI11: =+VLOOKUP($BG11,INDIRECT(Adrese!C$2),8,FALSE) -> 0.044251039 | BJ11: =+VLOOKUP($BG11,INDIRECT(Adrese!D$2),8,FALSE) -> 0.046205031 | BK11: =+VLOOKUP($BG11,INDIRECT(Adrese!E$2),8,FALSE) -> 0.047152722 | BL11: =+VLOOKUP($BG11,INDIRECT(Adrese!F$2),8,FALSE) -> 0.04186774 | BM11: =TEXT(BN11,"0.00")&" ("&TEXT(BO11,"0.00")&")" -> 0.04 (0.00) | BN11: =AVERAGE(BH11:BL11) -> 0.044771591 | BO11: =_xlfn.STDEV.S(BH11:BL11) -> 0.0020359329 | BQ11: Evolved ANN 5 | BR11: =+VLOOKUP($BG11,INDIRECT(Adrese!B$2),9,FALSE) -> 0.085792343 | BS11: =+VLOOKUP($BG11,INDIRECT(Adrese!C$2),9,FALSE) -> 0.0789381 | BT11: =+VLOOKUP($BG11,INDIRECT(Adrese!D$2),9,FALSE) -> 0.088065961 | BU11: =+VLOOKUP($BG11,INDIRECT(Adrese!E$2),9,FALSE) -> 0.088130969 | BV11: =+VLOOKUP($BG11,INDIRECT(Adrese!F$2),9,FALSE) -> 0.08868674 | BW11: =TEXT(BX11,"0.00")&" ("&TEXT(BY11,"0.00")&")" -> 0.09 (0.00) | BX11: =AVERAGE(BR11:BV11) -> 0.085922822 | BY11: =_xlfn.STDEV.S(BR11:BV11) -> 0.004059297
A12: Evolved FSM 4 | B12: =+VLOOKUP($A12,INDIRECT(Adrese!B$2),2,FALSE) -> 89 | C12: =+VLOOKUP($A12,INDIRECT(Adrese!C$2),2,FALSE) -> 115 | D12: =+VLOOKUP($A12,INDIRECT(Adrese!D$2),2,FALSE) -> 118 | E12: =+VLOOKUP($A12,INDIRECT(Adrese!E$2),2,FALSE) -> 123 | F12: =+VLOOKUP($A12,INDIRECT(Adrese!F$2),2,FALSE) -> 119 | G12: =AVERAGE(B12:F12) -> 112.8 | J12: Evolved FSM 4 | K12: =+VLOOKUP($A12,INDIRECT(Adrese!B$2),3,FALSE) -> 78 | L12: =+VLOOKUP($A12,INDIRECT(Adrese!C$2),3,FALSE) -> 80 | M12: =+VLOOKUP($A12,INDIRECT(Adrese!D$2),3,FALSE) -> 78 | N12: =+VLOOKUP($A12,INDIRECT(Adrese!E$2),3,FALSE) -> 75 | O12: =+VLOOKUP($A12,INDIRECT(Adrese!F$2),3,FALSE) -> 80 | P12: =SUM(K12:O12) -> 391 | Q12: =AVERAGE(K12:O12) -> 78.2 | T12: Evolved FSM 4 | U12: =+VLOOKUP($T12,INDIRECT(Adrese!B$2),4,FALSE) -> 96137 | V12: =+VLOOKUP($T12,INDIRECT(Adrese!C$2),4,FALSE) -> 95013 | W12: =+VLOOKUP($T12,INDIRECT(Adrese!D$2),4,FALSE) -> 94887 | X12: =+VLOOKUP($T12,INDIRECT(Adrese!E$2),4,FALSE) -> 94642 | Y12: =+VLOOKUP($T12,INDIRECT(Adrese!F$2),4,FALSE) -> 94879 | Z12: =SUM(U12:Y12) -> 475558 | AA12: =AVERAGE(U12:Y12) -> 95111.6 | AC12: Evolved FSM 4 | AD12: =+VLOOKUP($A12,INDIRECT(Adrese!B$2),5,FALSE) -> 23030 | AE12: =+VLOOKUP($A12,INDIRECT(Adrese!C$2),5,FALSE) -> 22811 | AF12: =+VLOOKUP($A12,INDIRECT(Adrese!D$2),5,FALSE) -> 22980 | AG12: =+VLOOKUP($A12,INDIRECT(Adrese!E$2),5,FALSE) -> 23112 | AH12: =+VLOOKUP($A12,INDIRECT(Adrese!F$2),5,FALSE) -> 23132 | AI12: =AVERAGE(AD12:AH12) -> 23013 | AM12: Evolved FSM 4 | AN12: =+VLOOKUP($A12,INDIRECT(Adrese!B$2),6,FALSE) -> 0.50705752 | AO12: =+VLOOKUP($A12,INDIRECT(Adrese!C$2),6,FALSE) -> 0.5024115 | AP12: =+VLOOKUP($A12,INDIRECT(Adrese!D$2),6,FALSE) -> 0.50615044 | AQ12: =+VLOOKUP($A12,INDIRECT(Adrese!E$2),6,FALSE) -> 0.5089823 | AR12: =+VLOOKUP($A12,INDIRECT(Adrese!F$2),6,FALSE) -> 0.50920354 | AS12: =TEXT(AT12,"0.00")&" ("&TEXT(AU12,"0.00")&")" -> 0.51 (0.00) | AT12: =AVERAGE(AN12:AR12) -> 0.50676106 | AU12: =_xlfn.STDEV.S(AN12:AR12) -> 0.0027513177 | AW12: Evolved FSM 4 | AX12: =+VLOOKUP($A12,INDIRECT(Adrese!B$2),7,FALSE) -> 0.65486726 | AY12: =+VLOOKUP($A12,INDIRECT(Adrese!C$2),7,FALSE) -> 0.6460177 | AZ12: =+VLOOKUP($A12,INDIRECT(Adrese!D$2),7,FALSE) -> 0.65486726 | BA12: =+VLOOKUP($A12,INDIRECT(Adrese!E$2),7,FALSE) -> 0.66814159 | BB12: =+VLOOKUP($A12,INDIRECT(Adrese!F$2),7,FALSE) -> 0.6460177 | BC12: =TEXT(BD12,"0.00")&" ("&TEXT(BE12,"0.00")&")" -> 0.65 (0.01) | BD12: =AVERAGE(AX12:BB12) -> 0.6539823 | BE12: =_xlfn.STDEV.S(AX12:BB12) -> 0.009068098 | BG12: Evolved FSM 4 | BH12: =+VLOOKUP($BG12,INDIRECT(Adrese!B$2),8,FALSE) -> 0.060226654 | BI12: =+VLOOKUP($BG12,INDIRECT(Adrese!C$2),8,FALSE) -> 0.059946124 | BJ12: =+VLOOKUP($BG12,INDIRECT(Adrese!D$2),8,FALSE) -> 0.060116515 | BK12: =+VLOOKUP($BG12,INDIRECT(Adrese!E$2),8,FALSE) -> 0.060635462 | BL12: =+VLOOKUP($BG12,INDIRECT(Adrese!F$2),8,FALSE) -> 0.061029651 | BM12: =TEXT(BN12,"0.00")&" ("&TEXT(BO12,"0.00")&")" -> 0.06 (0.00) | BN12: =AVERAGE(BH12:BL12) -> 0.060390881 | BO12: =_xlfn.STDEV.S(BH12:BL12) -> 0.00043815041 | BQ12: Evolved FSM 4 | BR12: =+VLOOKUP($BG12,INDIRECT(Adrese!B$2),9,FALSE) -> -0.048442539 | BS12: =+VLOOKUP($BG12,INDIRECT(Adrese!C$2),9,FALSE) -> -0.046715861 | BT12: =+VLOOKUP($BG12,INDIRECT(Adrese!D$2),9,FALSE) -> -0.047933453 | BU12: =+VLOOKUP($BG12,INDIRECT(Adrese!E$2),9,FALSE) -> -0.047176991 | BV12: =+VLOOKUP($BG12,INDIRECT(Adrese!F$2),9,FALSE) -> -0.045447799 | BW12: =TEXT(BX12,"0.00")&" ("&TEXT(BY12,"0.00")&")" -> -0.05 (0.00) | BX12: =AVERAGE(BR12:BV12) -> -0.047143329 | BY12: =_xlfn.STDEV.S(BR12:BV12) -> 0.0011587631
A13: PSO Gambler 2_2_2 | B13: =+VLOOKUP($A13,INDIRECT(Adrese!B$2),2,FALSE) -> 154 | C13: =+VLOOKUP($A13,INDIRECT(Adrese!C$2),2,FALSE) -> 122 | D13: =+VLOOKUP($A13,INDIRECT(Adrese!D$2),2,FALSE) -> 130 | E13: =+VLOOKUP($A13,INDIRECT(Adrese!E$2),2,FALSE) -> 143 | F13: =+VLOOKUP($A13,INDIRECT(Adrese!F$2),2,FALSE) -> 100 | G13: =AVERAGE(B13:F13) -> 129.8 | J13: PSO Gambler 2_2_2 | K13: =+VLOOKUP($A13,INDIRECT(Adrese!B$2),3,FALSE) -> 103 | L13: =+VLOOKUP($A13,INDIRECT(Adrese!C$2),3,FALSE) -> 102 | M13: =+VLOOKUP($A13,INDIRECT(Adrese!D$2),3,FALSE) -> 108 | N13: =+VLOOKUP($A13,INDIRECT(Adrese!E$2),3,FALSE) -> 108 | O13: =+VLOOKUP($A13,INDIRECT(Adrese!F$2),3,FALSE) -> 108 | P13: =SUM(K13:O13) -> 529 | Q13: =AVERAGE(K13:O13) -> 105.8 | T13: PSO Gambler 2_2_2 | U13: =+VLOOKUP($T13,INDIRECT(Adrese!B$2),4,FALSE) -> 93159 | V13: =+VLOOKUP($T13,INDIRECT(Adrese!C$2),4,FALSE) -> 94551 | W13: =+VLOOKUP($T13,INDIRECT(Adrese!D$2),4,FALSE) -> 94488 | X13: =+VLOOKUP($T13,INDIRECT(Adrese!E$2),4,FALSE) -> 94042 | Y13: =+VLOOKUP($T13,INDIRECT(Adrese!F$2),4,FALSE) -> 95404 | Z13: =SUM(U13:Y13) -> 471644 | AA13: =AVERAGE(U13:Y13) -> 94328.8 | AC13: PSO Gambler 2_2_2 | AD13: =+VLOOKUP($A13,INDIRECT(Adrese!B$2),5,FALSE) -> 15559 | AE13: =+VLOOKUP($A13,INDIRECT(Adrese!C$2),5,FALSE) -> 15550 | AF13: =+VLOOKUP($A13,INDIRECT(Adrese!D$2),5,FALSE) -> 15609 | AG13: =+VLOOKUP($A13,INDIRECT(Adrese!E$2),5,FALSE) -> 15653 | AH13: =+VLOOKUP($A13,INDIRECT(Adrese!F$2),5,FALSE) -> 15732 | AI13: =AVERAGE(AD13:AH13) -> 15620.6 | AM13: PSO Gambler 2_2_2 | AN13: =+VLOOKUP($A13,INDIRECT(Adrese!B$2),6,FALSE) -> 0.34227876 | AO13: =+VLOOKUP($A13,INDIRECT(Adrese!C$2),6,FALSE) -> 0.34207965 | AP13: =+VLOOKUP($A13,INDIRECT(Adrese!D$2),6,FALSE) -> 0.34314159 | AQ13: =+VLOOKUP($A13,INDIRECT(Adrese!E$2),6,FALSE) -> 0.34426991 | AR13: =+VLOOKUP($A13,INDIRECT(Adrese!F$2),6,FALSE) -> 0.3465708 | AS13: =TEXT(AT13,"0.00")&" ("&TEXT(AU13,"0.00")&")" -> 0.34 (0.00) | AT13: =AVERAGE(AN13:AR13) -> 0.34366814 | AU13: =_xlfn.STDEV.S(AN13:AR13) -> 0.0018383744 | AW13: PSO Gambler 2_2_2 | AX13: =+VLOOKUP($A13,INDIRECT(Adrese!B$2),7,FALSE) -> 0.54424779 | AY13: =+VLOOKUP($A13,INDIRECT(Adrese!C$2),7,FALSE) -> 0.54867257 | AZ13: =+VLOOKUP($A13,INDIRECT(Adrese!D$2),7,FALSE) -> 0.52212389 | BA13: =+VLOOKUP($A13,INDIRECT(Adrese!E$2),7,FALSE) -> 0.52212389 | BB13: =+VLOOKUP($A13,INDIRECT(Adrese!F$2),7,FALSE) -> 0.52212389 | BC13: =TEXT(BD13,"0.00")&" ("&TEXT(BE13,"0.00")&")" -> 0.53 (0.01) | BD13: =AVERAGE(AX13:BB13) -> 0.53185841 | BE13: =_xlfn.STDEV.S(AX13:BB13) -> 0.013421018 | BG13: PSO Gambler 2_2_2 | BH13: =+VLOOKUP($BG13,INDIRECT(Adrese!B$2),8,FALSE) -> 0.042873473 | BI13: =+VLOOKUP($BG13,INDIRECT(Adrese!C$2),8,FALSE) -> 0.042771059 | BJ13: =+VLOOKUP($BG13,INDIRECT(Adrese!D$2),8,FALSE) -> 0.042683639 | BK13: =+VLOOKUP($BG13,INDIRECT(Adrese!E$2),8,FALSE) -> 0.04317824 | BL13: =+VLOOKUP($BG13,INDIRECT(Adrese!F$2),8,FALSE) -> 0.042974491 | BM13: =TEXT(BN13,"0.00")&" ("&TEXT(BO13,"0.00")&")" -> 0.04 (0.00) | BN13: =AVERAGE(BH13:BL13) -> 0.042896181 | BO13: =_xlfn.STDEV.S(BH13:BL13) -> 0.00019172597 | BQ13: PSO Gambler 2_2_2 | BR13: =+VLOOKUP($BG13,INDIRECT(Adrese!B$2),9,FALSE) -> 0.021467997 | BS13: =+VLOOKUP($BG13,INDIRECT(Adrese!C$2),9,FALSE) -> 0.019288335 | BT13: =+VLOOKUP($BG13,INDIRECT(Adrese!D$2),9,FALSE) -> 0.018442687 | BU13: =+VLOOKUP($BG13,INDIRECT(Adrese!E$2),9,FALSE) -> 0.020560068 | BV13: =+VLOOKUP($BG13,INDIRECT(Adrese!F$2),9,FALSE) -> 0.017645694 | BW13: =TEXT(BX13,"0.00")&" ("&TEXT(BY13,"0.00")&")" -> 0.02 (0.00) | BX13: =AVERAGE(BR13:BV13) -> 0.019480956 | BY13: =_xlfn.STDEV.S(BR13:BV13) -> 0.0015488791
A14: PSO Gambler Mem1 | B14: =+VLOOKUP($A14,INDIRECT(Adrese!B$2),2,FALSE) -> 102 | C14: =+VLOOKUP($A14,INDIRECT(Adrese!C$2),2,FALSE) -> 160 | D14: =+VLOOKUP($A14,INDIRECT(Adrese!D$2),2,FALSE) -> 141 | E14: =+VLOOKUP($A14,INDIRECT(Adrese!E$2),2,FALSE) -> 90 | F14: =+VLOOKUP($A14,INDIRECT(Adrese!F$2),2,FALSE) -> 101 | G14: =AVERAGE(B14:F14) -> 118.8 | J14: PSO Gambler Mem1 | K14: =+VLOOKUP($A14,INDIRECT(Adrese!B$2),3,FALSE) -> 120 | L14: =+VLOOKUP($A14,INDIRECT(Adrese!C$2),3,FALSE) -> 107 | M14: =+VLOOKUP($A14,INDIRECT(Adrese!D$2),3,FALSE) -> 107 | N14: =+VLOOKUP($A14,INDIRECT(Adrese!E$2),3,FALSE) -> 109 | O14: =+VLOOKUP($A14,INDIRECT(Adrese!F$2),3,FALSE) -> 106 | P14: =SUM(K14:O14) -> 549 | Q14: =AVERAGE(K14:O14) -> 109.8 | T14: PSO Gambler Mem1 | U14: =+VLOOKUP($T14,INDIRECT(Adrese!B$2),4,FALSE) -> 95425 | V14: =+VLOOKUP($T14,INDIRECT(Adrese!C$2),4,FALSE) -> 93075 | W14: =+VLOOKUP($T14,INDIRECT(Adrese!D$2),4,FALSE) -> 94034 | X14: =+VLOOKUP($T14,INDIRECT(Adrese!E$2),4,FALSE) -> 96046 | Y14: =+VLOOKUP($T14,INDIRECT(Adrese!F$2),4,FALSE) -> 95382 | Z14: =SUM(U14:Y14) -> 473962 | AA14: =AVERAGE(U14:Y14) -> 94792.4 | AC14: PSO Gambler Mem1 | AD14: =+VLOOKUP($A14,INDIRECT(Adrese!B$2),5,FALSE) -> 17800 | AE14: =+VLOOKUP($A14,INDIRECT(Adrese!C$2),5,FALSE) -> 17291 | AF14: =+VLOOKUP($A14,INDIRECT(Adrese!D$2),5,FALSE) -> 16979 | AG14: =+VLOOKUP($A14,INDIRECT(Adrese!E$2),5,FALSE) -> 17880 | AH14: =+VLOOKUP($A14,INDIRECT(Adrese!F$2),5,FALSE) -> 17379 | AI14: =AVERAGE(AD14:AH14) -> 17465.8 | AM14: PSO Gambler Mem1 | AN14: =+VLOOKUP($A14,INDIRECT(Adrese!B$2),6,FALSE) -> 0.39223451 | AO14: =+VLOOKUP($A14,INDIRECT(Adrese!C$2),6,FALSE) -> 0.38030973 | AP14: =+VLOOKUP($A14,INDIRECT(Adrese!D$2),6,FALSE) -> 0.3744469 | AQ14: =+VLOOKUP($A14,INDIRECT(Adrese!E$2),6,FALSE) -> 0.39356195 | AR14: =+VLOOKUP($A14,INDIRECT(Adrese!F$2),6,FALSE) -> 0.38234513 | AS14: =TEXT(AT14,"0.00")&" ("&TEXT(AU14,"0.00")&")" -> 0.38 (0.01) | AT14: =AVERAGE(AN14:AR14) -> 0.38457965 | AU14: =_xlfn.STDEV.S(AN14:AR14) -> 0.0081421189 | AW14: PSO Gambler Mem1 | AX14: =+VLOOKUP($A14,INDIRECT(Adrese!B$2),7,FALSE) -> 0.46902655 | AY14: =+VLOOKUP($A14,INDIRECT(Adrese!C$2),7,FALSE) -> 0.52654867 | AZ14: =+VLOOKUP($A14,INDIRECT(Adrese!D$2),7,FALSE) -> 0.52654867 | BA14: =+VLOOKUP($A14,INDIRECT(Adrese!E$2),7,FALSE) -> 0.51769912 | BB14: =+VLOOKUP($A14,INDIRECT(Adrese!F$2),7,FALSE) -> 0.53097345 | BC14: =TEXT(BD14,"0.00")&" ("&TEXT(BE14,"0.00")&")" -> 0.51 (0.03) | BD14: =AVERAGE(AX14:BB14) -> 0.51415929 | BE14: =_xlfn.STDEV.S(AX14:BB14) -> 0.025686593 | BG14: PSO Gambler Mem1 | BH14: =+VLOOKUP($BG14,INDIRECT(Adrese!B$2),8,FALSE) -> 0.051957746 | BI14: =+VLOOKUP($BG14,INDIRECT(Adrese!C$2),8,FALSE) -> 0.050397256 | BJ14: =+VLOOKUP($BG14,INDIRECT(Adrese!D$2),8,FALSE) -> 0.049480937 | BK14: =+VLOOKUP($BG14,INDIRECT(Adrese!E$2),8,FALSE) -> 0.051963221 | BL14: =+VLOOKUP($BG14,INDIRECT(Adrese!F$2),8,FALSE) -> 0.050931345 | BM14: =TEXT(BN14,"0.00")&" ("&TEXT(BO14,"0.00")&")" -> 0.05 (0.00) | BN14: =AVERAGE(BH14:BL14) -> 0.050946101 | BO14: =_xlfn.STDEV.S(BH14:BL14) -> 0.0010613801 | BQ14: PSO Gambler Mem1 | BR14: =+VLOOKUP($BG14,INDIRECT(Adrese!B$2),9,FALSE) -> 0.034427549 | BS14: =+VLOOKUP($BG14,INDIRECT(Adrese!C$2),9,FALSE) -> 0.037202081 | BT14: =+VLOOKUP($BG14,INDIRECT(Adrese!D$2),9,FALSE) -> 0.037057001 | BU14: =+VLOOKUP($BG14,INDIRECT(Adrese!E$2),9,FALSE) -> 0.030049071 | BV14: =+VLOOKUP($BG14,INDIRECT(Adrese!F$2),9,FALSE) -> 0.033588775 | BW14: =TEXT(BX14,"0.00")&" ("&TEXT(BY14,"0.00")&")" -> 0.03 (0.00) | BX14: =AVERAGE(BR14:BV14) -> 0.034464895 | BY14: =_xlfn.STDEV.S(BR14:BV14) -> 0.0029359703
... A229: Defector | B229: =+VLOOKUP($A229,INDIRECT(Adrese!B$2),2,FALSE) -> 122 | C229: =+VLOOKUP($A229,INDIRECT(Adrese!C$2),2,FALSE) -> 98 | D229: =+VLOOKUP($A229,INDIRECT(Adrese!D$2),2,FALSE) -> 113 | E229: =+VLOOKUP($A229,INDIRECT(Adrese!E$2),2,FALSE) -> 99 | F229: =+VLOOKUP($A229,INDIRECT(Adrese!F$2),2,FALSE) -> 97 | G229: =AVERAGE(B229:F229) -> 105.8 | J229: Defector | K229: =+VLOOKUP($A229,INDIRECT(Adrese!B$2),3,FALSE) -> 200 | L229: =+VLOOKUP($A229,INDIRECT(Adrese!C$2),3,FALSE) -> 205 | M229: =+VLOOKUP($A229,INDIRECT(Adrese!D$2),3,FALSE) -> 203 | N229: =+VLOOKUP($A229,INDIRECT(Adrese!E$2),3,FALSE) -> 203 | O229: =+VLOOKUP($A229,INDIRECT(Adrese!F$2),3,FALSE) -> 210 | P229: =SUM(K229:O229) -> 1021 | Q229: =AVERAGE(K229:O229) -> 204.2 | T229: Defector | U229: =+VLOOKUP($T229,INDIRECT(Adrese!B$2),4,FALSE) -> 94583 | V229: =+VLOOKUP($T229,INDIRECT(Adrese!C$2),4,FALSE) -> 95620 | W229: =+VLOOKUP($T229,INDIRECT(Adrese!D$2),4,FALSE) -> 95408 | X229: =+VLOOKUP($T229,INDIRECT(Adrese!E$2),4,FALSE) -> 95523 | Y229: =+VLOOKUP($T229,INDIRECT(Adrese!F$2),4,FALSE) -> 95479 | Z229: =SUM(U229:Y229) -> 476613 | AA229: =AVERAGE(U229:Y229) -> 95322.6 | AC229: Defector | AD229: =+VLOOKUP($A229,INDIRECT(Adrese!B$2),5,FALSE) -> 4449 | AE229: =+VLOOKUP($A229,INDIRECT(Adrese!C$2),5,FALSE) -> 4549 | AF229: =+VLOOKUP($A229,INDIRECT(Adrese!D$2),5,FALSE) -> 4449 | AG229: =+VLOOKUP($A229,INDIRECT(Adrese!E$2),5,FALSE) -> 4457 | AH229: =+VLOOKUP($A229,INDIRECT(Adrese!F$2),5,FALSE) -> 4515 | AI229: =AVERAGE(AD229:AH229) -> 4483.8 | AM229: Defector | AN229: =+VLOOKUP($A229,INDIRECT(Adrese!B$2),6,FALSE) -> 0.097942478 | AO229: =+VLOOKUP($A229,INDIRECT(Adrese!C$2),6,FALSE) -> 0.10022124 | AP229: =+VLOOKUP($A229,INDIRECT(Adrese!D$2),6,FALSE) -> 0.098075221 | AQ229: =+VLOOKUP($A229,INDIRECT(Adrese!E$2),6,FALSE) -> 0.098119469 | AR229: =+VLOOKUP($A229,INDIRECT(Adrese!F$2),6,FALSE) -> 0.09949115 | AS229: =TEXT(AT229,"0.00")&" ("&TEXT(AU229,"0.00")&")" -> 0.10 (0.00) | AT229: =AVERAGE(AN229:AR229) -> 0.098769912 | AU229: =_xlfn.STDEV.S(AN229:AR229) -> 0.0010267489 | AW229: Defector | AX229: =+VLOOKUP($A229,INDIRECT(Adrese!B$2),7,FALSE) -> 0.11504425 | AY229: =+VLOOKUP($A229,INDIRECT(Adrese!C$2),7,FALSE) -> 0.092920354 | AZ229: =+VLOOKUP($A229,INDIRECT(Adrese!D$2),7,FALSE) -> 0.10176991 | BA229: =+VLOOKUP($A229,INDIRECT(Adrese!E$2),7,FALSE) -> 0.10176991 | BB229: =+VLOOKUP($A229,INDIRECT(Adrese!F$2),7,FALSE) -> 0.07079646 | BC229: =TEXT(BD229,"0.00")&" ("&TEXT(BE229,"0.00")&")" -> 0.10 (0.02) | BD229: =AVERAGE(AX229:BB229) -> 0.096460177 | BE229: =_xlfn.STDEV.S(AX229:BB229) -> 0.01637766 | BG229: Defector | BH229: =+VLOOKUP($BG229,INDIRECT(Adrese!B$2),8,FALSE) -> 0.012537706 | BI229: =+VLOOKUP($BG229,INDIRECT(Adrese!C$2),8,FALSE) -> 0.012778946 | BJ229: =+VLOOKUP($BG229,INDIRECT(Adrese!D$2),8,FALSE) -> 0.012479593 | BK229: =+VLOOKUP($BG229,INDIRECT(Adrese!E$2),8,FALSE) -> 0.01239393 | BL229: =+VLOOKUP($BG229,INDIRECT(Adrese!F$2),8,FALSE) -> 0.01270736 | BM229: =TEXT(BN229,"0.00")&" ("&TEXT(BO229,"0.00")&")" -> 0.01 (0.00) | BN229: =AVERAGE(BH229:BL229) -> 0.012579507 | BO229: =_xlfn.STDEV.S(BH229:BL229) -> 0.00015991496 | BQ229: Defector | BR229: =+VLOOKUP($BG229,INDIRECT(Adrese!B$2),9,FALSE) -> 0.096339907 | BS229: =+VLOOKUP($BG229,INDIRECT(Adrese!C$2),9,FALSE) -> 0.095846069 | BT229: =+VLOOKUP($BG229,INDIRECT(Adrese!D$2),9,FALSE) -> 0.096036381 | BU229: =+VLOOKUP($BG229,INDIRECT(Adrese!E$2),9,FALSE) -> 0.095414371 | BV229: =+VLOOKUP($BG229,INDIRECT(Adrese!F$2),9,FALSE) -> 0.095519653 | BW229: =TEXT(BX229,"0.00")&" ("&TEXT(BY229,"0.00")&")" -> 0.10 (0.00) | BX229: =AVERAGE(BR229:BV229) -> 0.095831276 | BY229: =_xlfn.STDEV.S(BR229:BV229) -> 0.00037812398

Sheet Svi
A1: Name | C1: #Wins | D1: TotalScore | E1: #Cooperations | F1: CooperationRating | G1: GoodPartnerRating | H1: EigenJesusRating | I1: EigenMosesRating
A2: Fuzzy | B2: 1 | C2: 87 | D2: 105874 | E2: 21631 | F2: 0.4765708 | G2: 0.61504425 | H2: 0.060113026 | I2: -0.042943409
A3: First by Downing | B3: 2 | C3: 142 | D3: 104728 | E3: 13283 | F3: 0.29331858 | G3: 0.37168142 | H3: 0.037931549 | I3: 0.015769813
A4: Evolved ANN 5 Noise 05 | B4: 3 | C4: 125 | D4: 104650 | E4: 19634 | F4: 0.4305531 | G4: 0.44690265 | H4: 0.064217354 | I4: 0.036288132
A5: Second by RichardHufford | B5: 4 | C5: 124 | D5: 104388 | E5: 15789 | F5: 0.34716814 | G5: 0.45132743 | H5: 0.047077287 | I5: 0.034631922
A6: Revised Downing | B6: 5 | C6: 129 | D6: 103071 | E6: 15267 | F6: 0.33683628 | G6: 0.42920354 | H6: 0.043015106 | I6: 0.0027414852
A7: Evolved ANN | B7: 6 | C7: 174 | D7: 102638 | E7: 13066 | F7: 0.28679204 | G7: 0.2300885 | H7: 0.042658931 | I7: 0.066014802
A8: Second by Rowsam | B8: 7 | C8: 114 | D8: 102153 | E8: 20487 | F8: 0.44935841 | G8: 0.49557522 | H8: 0.067618717 | I8: 0.03840161
A9: DoubleCrosser | B9: 8 | C9: 160 | D9: 102132 | E9: 13256 | F9: 0.29227876 | G9: 0.2920354 | H9: 0.040672672 | I9: 0.059792977
A10: Evolved FSM 16 Noise 05 | B10: 9 | C10: 112 | D10: 101553 | E10: 17311 | F10: 0.38103982 | G10: 0.50442478 | H10: 0.051134999 | I10: 0.025621923
A11: Omega TFT | B11: 10 | C11: 190 | D11: 101325 | E11: 13534 | F11: 0.29827434 | G11: 0.15929204 | H11: 0.045881134 | I11: 0.092684912
A12: Second by Mikkelson | B12: 11 | C12: 95 | D12: 101230 | E12: 22647 | F12: 0.49710177 | G12: 0.57964602 | H12: 0.076517754 | I12: 0.046355705
A13: Second by White | B13: 12 | C13: 35 | D13: 101005 | E13: 28268 | F13: 0.6215708 | G13: 0.84513274 | H13: 0.089851149 | I13: 0.013364757
... A228: EasyGo | B228: 227 | C228: 17 | D228: 85096 | E228: 40292 | F228: 0.88756637 | G228: 0.92477876 | H228: 0.11259223 | I228: -0.095561331
A230: Name | C230: #Wins | D230: TotalScore | E230: #Cooperations | F230: CooperationRating | G230: GoodPartnerRating | H230: EigenJesusRating | I230: EigenMosesRating
A231: Evolved ANN 5 Noise 05 | B231: 1 | C231: 124 | D231: 107813 | E231: 20561 | F231: 0.45311947 | G231: 0.45132743 | H231: 0.066555813 | I231: 0.021699577
A232: Revised Downing | B232: 2 | C232: 125 | D232: 105210 | E232: 15944 | F232: 0.3515708 | G232: 0.44690265 | H232: 0.045515903 | I232: -0.0026273773
A233: Fuzzy | B233: 3 | C233: 94 | D233: 104388 | E233: 21162 | F233: 0.46553097 | G233: 0.5840708 | H233: 0.059590928 | I233: -0.036062513
A234: First by Downing | B234: 4 | C234: 135 | D234: 103833 | E234: 13962 | F234: 0.30853982 | G234: 0.40265487 | H234: 0.040578097 | I234: 0.01441676
A235: Second by RichardHufford | B235: 5 | C235: 124 | D235: 103039 | E235: 15811 | F235: 0.3470354 | G235: 0.45132743 | H235: 0.047588275 | I235: 0.032969237
A236: Evolved FSM 16 Noise 05 | B236: 6 | C236: 106 | D236: 102979 | E236: 17572 | F236: 0.38537611 | G236: 0.53097345 | H236: 0.052463261 | I236: 0.022904291
A237: Second by Borufsen | B237: 7 | C237: 113 | D237: 102244 | E237: 22724 | F237: 0.49911504 | G237: 0.5 | H237: 0.071898425 | I237: 0.03089968
A238: Evolved ANN | B238: 8 | C238: 178 | D238: 102203 | E238: 12012 | F238: 0.2635177 | G238: 0.21238938 | H238: 0.037994546 | I238: 0.068860943
A239: Omega TFT | B239: 9 | C239: 191 | D239: 102080 | E239: 13882 | F239: 0.30650442 | G239: 0.15486726 | H239: 0.047087707 | I239: 0.084975083
A240: Second by White | B240: 10 | C240: 31 | D240: 101812 | E240: 29268 | F240: 0.64365044 | G240: 0.86283186 | H240: 0.092497399 | I240: 0.0056664337
A241: Second by Mikkelson | B241: 11 | C241: 99 | D241: 101784 | E241: 23045 | F241: 0.50586283 | G241: 0.5619469 | H241: 0.077797765 | I241: 0.043205632
A242: Second by GraaskampKatzen | B242: 12 | C242: 191 | D242: 101231 | E242: 12375 | F242: 0.27292035 | G242: 0.15486726 | H242: 0.042088111 | I242: 0.093960554
... A457: Cooperator Hunter | B457: 227 | C457: 20 | D457: 85869 | E457: 40663 | F457: 0.89577434 | G457: 0.91150442 | H457: 0.11393012 | I457: -0.095149244
A459: Name | C459: #Wins | D459: TotalScore | E459: #Cooperations | F459: CooperationRating | G459: GoodPartnerRating | H459: EigenJesusRating | I459: EigenMosesRating
A460: Evolved ANN 5 Noise 05 | B460: 1 | C460: 130 | D460: 107000 | E460: 20085 | F460: 0.44050885 | G460: 0.42477876 | H460: 0.065714055 | I460: 0.032058674
A461: Revised Downing | B461: 2 | C461: 125 | D461: 105403 | E461: 15116 | F461: 0.33316372 | G461: 0.44690265 | H461: 0.042303169 | I461: -0.00072508129
A462: Second by RichardHufford | B462: 3 | C462: 121 | D462: 105232 | E462: 15304 | F462: 0.33528761 | G462: 0.46460177 | H462: 0.045758573 | I462: 0.031831807
A463: First by Downing | B463: 4 | C463: 148 | D463: 104322 | E463: 13182 | F463: 0.29115044 | G463: 0.34513274 | H463: 0.037842857 | I463: 0.019432051
A464: Fuzzy | B464: 5 | C464: 80 | D464: 104317 | E464: 21987 | F464: 0.48340708 | G464: 0.6460177 | H464: 0.061123639 | I464: -0.045176397
A465: Evolved FSM 16 Noise 05 | B465: 6 | C465: 111 | D465: 102943 | E465: 17730 | F465: 0.38951327 | G465: 0.50884956 | H465: 0.052397249 | I465: 0.020692666
A466: DoubleCrosser | B466: 7 | C466: 159 | D466: 102637 | E466: 13022 | F466: 0.28734513 | G466: 0.29646018 | H466: 0.039680649 | I466: 0.052858425
A467: Second by Mikkelson | B467: 8 | C467: 108 | D467: 102376 | E467: 22891 | F467: 0.5025 | G467: 0.52212389 | H467: 0.0767148 | I467: 0.042234939
A468: Second by Rowsam | B468: 9 | C468: 115 | D468: 102073 | E468: 19925 | F468: 0.43681416 | G468: 0.49115044 | H468: 0.067247352 | I468: 0.053656155
A469: Evolved ANN | B469: 10 | C469: 175 | D469: 101729 | E469: 13337 | F469: 0.29219027 | G469: 0.22566372 | H469: 0.042781665 | I469: 0.059422968
A470: Omega TFT | B470: 11 | C470: 186 | D470: 101631 | E470: 12947 | F470: 0.28575221 | G470: 0.17699115 | H470: 0.043730592 | I470: 0.092634681
A471: Second by Yamachi | B471: 12 | C471: 85 | D471: 101506 | E471: 25604 | F471: 0.5625885 | G471: 0.62389381 | H471: 0.085269506 | I471: 0.032709564
... A686: EasyGo | B686: 227 | C686: 23 | D686: 86035 | E686: 40255 | F686: 0.88672566 | G686: 0.89823009 | H686: 0.1129096 | I686: -0.092399103
A688: Name | C688: #Wins | D688: TotalScore | E688: #Cooperations | F688: CooperationRating | G688: GoodPartnerRating | H688: EigenJesusRating | I688: EigenMosesRating
A689: Evolved ANN 5 Noise 05 | B689: 1 | C689: 130 | D689: 107732 | E689: 20745 | F689: 0.45526549 | G689: 0.42477876 | H689: 0.066131571 | I689: 0.010442335
A690: Fuzzy | B690: 2 | C690: 94 | D690: 106256 | E690: 20920 | F690: 0.45946903 | G690: 0.5840708 | H690: 0.05841857 | I690: -0.044976746
A691: Revised Downing | B691: 3 | C691: 130 | D691: 106106 | E691: 15424 | F691: 0.34075221 | G691: 0.42477876 | H691: 0.043697599 | I691: -0.0042624029
A692: Second by RichardHufford | B692: 4 | C692: 129 | D692: 103410 | E692: 15935 | F692: 0.35019912 | G692: 0.42920354 | H692: 0.048386746 | I692: 0.041063685
A693: First by Downing | B693: 5 | C693: 135 | D693: 103048 | E693: 13448 | F693: 0.29701327 | G693: 0.40265487 | H693: 0.038658894 | I693: 0.016017283
A694: Second by Mikkelson | B694: 6 | C694: 105 | D694: 102047 | E694: 22810 | F694: 0.5005531 | G694: 0.53539823 | H694: 0.077162866 | I694: 0.046355702
A695: Spiteful Tit For Tat | B695: 7 | C695: 193 | D695: 101940 | E695: 8234 | F695: 0.18146018 | G695: 0.1460177 | H695: 0.026015026 | I695: 0.087946046
A696: Evolved ANN | B696: 8 | C696: 177 | D696: 101771 | E696: 12169 | F696: 0.26783186 | G696: 0.21681416 | H696: 0.039103434 | I696: 0.067460859
A697: Evolved FSM 16 Noise 05 | B697: 9 | C697: 103 | D697: 101701 | E697: 17454 | F697: 0.3835177 | G697: 0.54424779 | H697: 0.051703425 | I697: 0.022229352
A698: Second by Yamachi | B698: 10 | C698: 86 | D698: 101596 | E698: 25320 | F698: 0.55621681 | G698: 0.61946903 | H698: 0.083351963 | I698: 0.028886021
A699: Second by Borufsen | B699: 11 | C699: 108 | D699: 101294 | E699: 22182 | F699: 0.48690265 | G699: 0.52212389 | H699: 0.070628019 | I699: 0.041051896
A700: Omega TFT | B700: 12 | C700: 189 | D700: 101163 | E700: 13672 | F700: 0.30181416 | G700: 0.16371681 | H700: 0.046146446 | I700: 0.091440951
... A915: Gradual Killer | B915: 227 | C915: 75 | D915: 85297 | E915: 26050 | F915: 0.57243363 | G915: 0.66814159 | H915: 0.08192622 | I915: 0.054523534
A917: Name | C917: #Wins | D917: TotalScore | E917: #Cooperations | F917: CooperationRating | G917: GoodPartnerRating | H917: EigenJesusRating | I917: EigenMosesRating
A918: Evolved ANN 5 Noise 05 | B918: 1 | C918: 131 | D918: 106502 | E918: 19865 | F918: 0.43584071 | G918: 0.42035398 | H918: 0.065030741 | I918: 0.030361872
A919: Fuzzy | B919: 2 | C919: 91 | D919: 105622 | E919: 22063 | F919: 0.48464602 | G919: 0.59734513 | H919: 0.059850545 | I919: -0.051672978
A920: Second by RichardHufford | B920: 3 | C920: 122 | D920: 104965 | E920: 14835 | F920: 0.32486726 | G920: 0.46017699 | H920: 0.044046924 | I920: 0.034310064
A921: Revised Downing | B921: 4 | C921: 126 | D921: 103725 | E921: 15683 | F921: 0.34641593 | G921: 0.44247788 | H921: 0.044149369 | I921: -0.0033324062
A922: First by Downing | B922: 5 | C922: 142 | D922: 102969 | E922: 13202 | F922: 0.29172566 | G922: 0.37168142 | H922: 0.037775334 | I922: 0.018877775
A923: Second by Rowsam | B923: 6 | C923: 112 | D923: 102356 | E923: 19683 | F923: 0.43146018 | G923: 0.50442478 | H923: 0.066152033 | I923: 0.051891736
A924: Second by Borufsen | B924: 7 | C924: 107 | D924: 102137 | E924: 22637 | F924: 0.49736726 | G924: 0.52654867 | H924: 0.071591307 | I924: 0.035728916
A925: Second by GraaskampKatzen | B925: 8 | C925: 200 | D925: 101742 | E925: 11580 | F925: 0.25561947 | G925: 0.11504425 | H925: 0.038931925 | I925: 0.094797353
A926: Second by Cave | B926: 9 | C926: 155 | D926: 101695 | E926: 20967 | F926: 0.46037611 | G926: 0.31415929 | H926: 0.069950376 | I926: 0.059934109
A927: Evolved ANN | B927: 10 | C927: 181 | D927: 101651 | E927: 12045 | F927: 0.26382743 | G927: 0.19911504 | H927: 0.038177126 | I927: 0.069102334
A928: DoubleCrosser | B928: 11 | C928: 163 | D928: 101466 | E928: 13065 | F928: 0.28847345 | G928: 0.27876106 | H928: 0.040872004 | I928: 0.064340036
A929: Second by Mikkelson | B929: 12 | C929: 116 | D929: 101396 | E929: 22373 | F929: 0.49112832 | G929: 0.48672566 | H929: 0.075563105 | I929: 0.04948221
... A1144: Gradual Killer | B1144: 227 | C1144: 73 | D1144: 84170 | E1144: 27889 | F1144: 0.61314159 | G1144: 0.67699115 | H1144: 0.085042191 | I1144: 0.03181284

Sheet Adrese
B1: 1 | C1: 2 | D1: 3 | E1: 4 | F1: 5
B2: Svi!$A$2:$I$228 | C2: Svi!$A$231:$I$457 | D2: Svi!$A$460:$I$686 | E2: Svi!$A$689:$I$915 | F2: Svi!$A$918:$I$1144

Sheet Final
C2: Rank | D2: Avg. Score | E2: TotalScore | F2: #Wins | G2: #Cooperations | H2: Cooperation Rating | I2: Good Partner Rating | J2: Eigenjesus Rating | K2: Eigenmoses Rating
B3: Evolved ANN 5 Noise 05 | C3: =Kompilirano!G36 -> 1.4 | D3: =E3/227 -> 470.21762 | E3: =Kompilirano!AA36 -> 106739.4 | F3: =Kompilirano!Q36 -> 128 | G3: =Kompilirano!AI36 -> 20178 | H3: =Kompilirano!AT36 -> 0.44305752 | I3: =Kompilirano!BD36 -> 0.43362832 | J3: =Kompilirano!BN36 -> 0.065529907 | K3: =Kompilirano!BX36 -> 0.026170118
B4: Fuzzy | C4: =Kompilirano!G4 -> 2.6 | D4: =E4/227 -> 463.83877 | E4: =Kompilirano!AA4 -> 105291.4 | F4: =Kompilirano!Q4 -> 89.2 | G4: =Kompilirano!AI4 -> 21552.6 | H4: =Kompilirano!AT4 -> 0.47392478 | I4: =Kompilirano!BD4 -> 0.60530973 | J4: =Kompilirano!BN4 -> 0.059819341 | K4: =Kompilirano!BX4 -> -0.044166409
B5: Revised Downing | C5: =Kompilirano!G30 -> 3.2 | D5: =E5/227 -> 461.2467 | E5: =Kompilirano!AA30 -> 104703 | F5: =Kompilirano!Q30 -> 127 | G5: =Kompilirano!AI30 -> 15486.8 | H5: =Kompilirano!AT30 -> 0.34174779 | I5: =Kompilirano!BD30 -> 0.4380531 | J5: =Kompilirano!BN30 -> 0.043736229 | K5: =Kompilirano!BX30 -> -0.0016411565
B6: Second by RichardHufford | C6: =Kompilirano!G49 -> 3.8 | D6: =E6/227 -> 459.06079 | E6: =Kompilirano!AA49 -> 104206.8 | F6: =Kompilirano!Q49 -> 124 | G6: =Kompilirano!AI49 -> 15534.8 | H6: =Kompilirano!AT49 -> 0.3409115 | I6: =Kompilirano!BD49 -> 0.45132743 | J6: =Kompilirano!BN49 -> 0.046571561 | K6: =Kompilirano!BX49 -> 0.034961343
B7: First by Downing | C7: =Kompilirano!G143 -> 4 | D7: =E7/227 -> 457.18062 | E7: =Kompilirano!AA143 -> 103780 | F7: =Kompilirano!Q143 -> 140.4 | G7: =Kompilirano!AI143 -> 13415.4 | H7: =Kompilirano!AT143 -> 0.29634956 | I7: =Kompilirano!BD143 -> 0.37876106 | J7: =Kompilirano!BN143 -> 0.038557346 | K7: =Kompilirano!BX143 -> 0.016902736
B8: Evolved FSM 16 Noise 05 | C8: =Kompilirano!G9 -> 8.6 | D8: =E8/227 -> 449.52599 | E8: =Kompilirano!AA9 -> 102042.4 | F8: =Kompilirano!Q9 -> 106.4 | G8: =Kompilirano!AI9 -> 17358.4 | H8: =Kompilirano!AT9 -> 0.3815 | I8: =Kompilirano!BD9 -> 0.52920354 | J8: =Kompilirano!BN9 -> 0.051476178 | K8: =Kompilirano!BX9 -> 0.024534803
B9: Evolved ANN | C9: =Kompilirano!G10 -> 8.4 | D9: =E9/227 -> 449.33216 | E9: =Kompilirano!AA10 -> 101998.4 | F9: =Kompilirano!Q10 -> 177 | G9: =Kompilirano!AI10 -> 12525.8 | H9: =Kompilirano!AT10 -> 0.27483186 | I9: =Kompilirano!BD10 -> 0.21681416 | J9: =Kompilirano!BN10 -> 0.04014314 | K9: =Kompilirano!BX10 -> 0.066172381
B10: Second by Mikkelson | C10: =Kompilirano!G51 -> 9.6 | D10: =E10/227 -> 448.31101 | E10: =Kompilirano!AA51 -> 101766.6 | F10: =Kompilirano!Q51 -> 104.6 | G10: =Kompilirano!AI51 -> 22753.2 | H10: =Kompilirano!AT51 -> 0.4994292 | I10: =Kompilirano!BD51 -> 0.53716814 | J10: =Kompilirano!BN51 -> 0.076751258 | K10: =Kompilirano!BX51 -> 0.045526838
B11: Second by Borufsen | C11: =Kompilirano!G21 -> 11 | D11: =E11/227 -> 447.19383 | E11: =Kompilirano!AA21 -> 101513 | F11: =Kompilirano!Q21 -> 108.8 | G11: =Kompilirano!AI21 -> 22404 | H11: =Kompilirano!AT21 -> 0.49219027 | I11: =Kompilirano!BD21 -> 0.51858407 | J11: =Kompilirano!BN21 -> 0.071039197 | K11: =Kompilirano!BX21 -> 0.036256524
B12: Second by Rowsam | C12: =Kompilirano!G22 -> 10.2 | D12: =E12/227 -> 447.08811 | E12: =Kompilirano!AA22 -> 101489 | F12: =Kompilirano!Q22 -> 114.2 | G12: =Kompilirano!AI22 -> 19685 | H12: =Kompilirano!AT22 -> 0.43214159 | I12: =Kompilirano!BD22 -> 0.49469027 | J12: =Kompilirano!BN22 -> 0.065942349 | K12: =Kompilirano!BX22 -> 0.051472207
B13: Omega TFT | C13: =Kompilirano!G15 -> 11.8 | D13: =E13/227 -> 446.28722 | E13: =Kompilirano!AA15 -> 101307.2 | F13: =Kompilirano!Q15 -> 189.4 | G13: =Kompilirano!AI15 -> 13451.8 | H13: =Kompilirano!AT15 -> 0.29678319 | I13: =Kompilirano!BD15 -> 0.1619469 | J13: =Kompilirano!BN15 -> 0.045517971 | K13: =Kompilirano!BX15 -> 0.090837215
B14: DoubleCrosser | C14: =Kompilirano!G20 -> 13.4 | D14: =E14/227 -> 445.71278 | E14: =Kompilirano!AA20 -> 101176.8 | F14: =Kompilirano!Q20 -> 161 | G14: =Kompilirano!AI20 -> 13150 | H14: =Kompilirano!AT20 -> 0.28991593 | I14: =Kompilirano!BD20 -> 0.28761062 | J14: =Kompilirano!BN20 -> 0.040547325 | K14: =Kompilirano!BX20 -> 0.060466331
B15: Second by White | C15: =Kompilirano!G79 -> 14 | D15: =E15/227 -> 444.70749 | E15: =Kompilirano!AA79 -> 100948.6 | F15: =Kompilirano!Q79 -> 29 | G15: =Kompilirano!AI79 -> 28602.4 | H15: =Kompilirano!AT79 -> 0.62885398 | I15: =Kompilirano!BD79 -> 0.87168142 | J15: =Kompilirano!BN79 -> 0.090653045 | K15: =Kompilirano!BX79 -> 0.010335449
B16: Spiteful Tit For Tat | C16: =Kompilirano!G28 -> 15.4 | D16: =E16/227 -> 443.66344 | E16: =Kompilirano!AA28 -> 100711.6 | F16: =Kompilirano!Q28 -> 197.2 | G16: =Kompilirano!AI28 -> 8253.8 | H16: =Kompilirano!AT28 -> 0.18163717 | I16: =Kompilirano!BD28 -> 0.12743363 | J16: =Kompilirano!BN28 -> 0.026044605 | K16: =Kompilirano!BX28 -> 0.087838007
B17: Second by Yamachi | C17: =Kompilirano!G78 -> 16.2 | D17: =E17/227 -> 443.65639 | E17: =Kompilirano!AA78 -> 100710 | F17: =Kompilirano!Q78 -> 80.6 | G17: =Kompilirano!AI78 -> 25360.2 | H17: =Kompilirano!AT78 -> 0.55707965 | I17: =Kompilirano!BD78 -> 0.64336283 | J17: =Kompilirano!BN78 -> 0.084161423 | K17: =Kompilirano!BX78 -> 0.032014834
B18: Second by GraaskampKatzen | C18: =Kompilirano!G29 -> 15.8 | D18: =E18/227 -> 443.0696 | E18: =Kompilirano!AA29 -> 100576.8 | F18: =Kompilirano!Q29 -> 196.2 | G18: =Kompilirano!AI29 -> 11792.4 | H18: =Kompilirano!AT29 -> 0.26011062 | I18: =Kompilirano!BD29 -> 0.13185841 | J18: =Kompilirano!BN29 -> 0.040150201 | K18: =Kompilirano!BX29 -> 0.097944058
B19: Second by Cave | C19: =Kompilirano!G38 -> 17 | D19: =E19/227 -> 442.71189 | E19: =Kompilirano!AA38 -> 100495.6 | F19: =Kompilirano!Q38 -> 149.8 | G19: =Kompilirano!AI38 -> 20587.2 | H19: =Kompilirano!AT38 -> 0.45226549 | I19: =Kompilirano!BD38 -> 0.33716814 | J19: =Kompilirano!BN38 -> 0.068951976 | K19: =Kompilirano!BX38 -> 0.065119496
B20: Second by Tranquilizer | C20: =Kompilirano!G123 -> 17.8 | D20: =E20/227 -> 441.45022 | E20: =Kompilirano!AA123 -> 100209.2 | F20: =Kompilirano!Q123 -> 61 | G20: =Kompilirano!AI123 -> 25492.2 | H20: =Kompilirano!AT123 -> 0.56052655 | I20: =Kompilirano!BD123 -> 0.7300885 | J20: =Kompilirano!BN123 -> 0.081554976 | K20: =Kompilirano!BX123 -> 0.032091638
B21: Level Punisher | C21: =Kompilirano!G53 -> 21.4 | D21: =E21/227 -> 439.65727 | E21: =Kompilirano!AA53 -> 99802.2 | F21: =Kompilirano!Q53 -> 157 | G21: =Kompilirano!AI53 -> 15549 | H21: =Kompilirano!AT53 -> 0.34065044 | I21: =Kompilirano!BD53 -> 0.30530973 | J21: =Kompilirano!BN53 -> 0.053053661 | K21: =Kompilirano!BX53 -> 0.078238731
B22: Grumpy | C22: =Kompilirano!G109 -> 21 | D22: =E22/227 -> 439.52159 | E22: =Kompilirano!AA109 -> 99771.4 | F22: =Kompilirano!Q109 -> 41.2 | G22: =Kompilirano!AI109 -> 31223.4 | H22: =Kompilirano!AT109 -> 0.68688053 | I22: =Kompilirano!BD109 -> 0.81769912 | J22: =Kompilirano!BN109 -> 0.097904514 | K22: =Kompilirano!BX109 -> -0.020251457
B23: EugineNier | C23: =Kompilirano!G24 -> 21.6 | D23: =E23/227 -> 439.30308 | E23: =Kompilirano!AA24 -> 99721.8 | F23: =Kompilirano!Q24 -> 197.8 | G23: =Kompilirano!AI24 -> 7677.6 | H23: =Kompilirano!AT24 -> 0.16918142 | I23: =Kompilirano!BD24 -> 0.12477876 | J23: =Kompilirano!BN24 -> 0.023150176 | K23: =Kompilirano!BX24 -> 0.088113476
B24: Second by Kluepfel | C24: =Kompilirano!G39 -> 21.2 | D24: =E24/227 -> 439.20881 | E24: =Kompilirano!AA39 -> 99700.4 | F24: =Kompilirano!Q39 -> 107.4 | G24: =Kompilirano!AI39 -> 20892.8 | H24: =Kompilirano!AT39 -> 0.4594292 | I24: =Kompilirano!BD39 -> 0.52477876 | J24: =Kompilirano!BN39 -> 0.067254231 | K24: =Kompilirano!BX39 -> 0.051186379
B25: Evolved FSM 6 | C25: =Kompilirano!G3 -> 24 | D25: =E25/227 -> 438.76916 | E25: =Kompilirano!AA3 -> 99600.6 | F25: =Kompilirano!Q3 -> 97.8 | G25: =Kompilirano!AI3 -> 18820.6 | H25: =Kompilirano!AT3 -> 0.41423451 | I25: =Kompilirano!BD3 -> 0.56725664 | J25: =Kompilirano!BN3 -> 0.054442977 | K25: =Kompilirano!BX3 -> 0.013396092
B26: BackStabber | C26: =Kompilirano!G25 -> 24.2 | D26: =E26/227 -> 438.17709 | E26: =Kompilirano!AA25 -> 99466.2 | F26: =Kompilirano!Q25 -> 191.2 | G26: =Kompilirano!AI25 -> 7943.2 | H26: =Kompilirano!AT25 -> 0.17488938 | I26: =Kompilirano!BD25 -> 0.1539823 | J26: =Kompilirano!BN25 -> 0.023394565 | K26: =Kompilirano!BX25 -> 0.078771177
B27: Momentum | C27: =Kompilirano!G33 -> 28.4 | D27: =E27/227 -> 436.45198 | E27: =Kompilirano!AA33 -> 99074.6 | F27: =Kompilirano!Q33 -> 189.8 | G27: =Kompilirano!AI33 -> 8575.6 | H27: =Kompilirano!AT33 -> 0.18866814 | I27: =Kompilirano!BD33 -> 0.16017699 | J27: =Kompilirano!BN33 -> 0.02565384 | K27: =Kompilirano!BX33 -> 0.07809138
B28: First by Stein and Rapoport | C28: =Kompilirano!G56 -> 28.8 | D28: =E28/227 -> 436.19824 | E28: =Kompilirano!AA56 -> 99017 | F28: =Kompilirano!Q56 -> 144.6 | G28: =Kompilirano!AI56 -> 18744.4 | H28: =Kompilirano!AT56 -> 0.41290265 | I28: =Kompilirano!BD56 -> 0.36017699 | J28: =Kompilirano!BN56 -> 0.061497547 | K28: =Kompilirano!BX56 -> 0.071380274
B29: Memory Decay | C29: =Kompilirano!G65 -> 33.4 | D29: =E29/227 -> 435.79383 | E29: =Kompilirano!AA65 -> 98925.2 | F29: =Kompilirano!Q65 -> 134.8 | G29: =Kompilirano!AI65 -> 18551.2 | H29: =Kompilirano!AT65 -> 0.40786283 | I29: =Kompilirano!BD65 -> 0.40353982 | J29: =Kompilirano!BN65 -> 0.063797971 | K29: =Kompilirano!BX65 -> 0.080419005
B30: Stalker | C30: =Kompilirano!G77 -> 33.8 | D30: =E30/227 -> 435.71278 | E30: =Kompilirano!AA77 -> 98906.8 | F30: =Kompilirano!Q77 -> 61.8 | G30: =Kompilirano!AI77 -> 25402 | H30: =Kompilirano!AT77 -> 0.55826106 | I30: =Kompilirano!BD77 -> 0.72654867 | J30: =Kompilirano!BN77 -> 0.080083702 | K30: =Kompilirano!BX77 -> 0.015164156
B31: Gradual | C31: =Kompilirano!G19 -> 32.2 | D31: =E31/227 -> 435.10044 | E31: =Kompilirano!AA19 -> 98767.8 | F31: =Kompilirano!Q19 -> 166.2 | G31: =Kompilirano!AI19 -> 12336 | H31: =Kompilirano!AT19 -> 0.27174336 | I31: =Kompilirano!BD19 -> 0.26460177 | J31: =Kompilirano!BN19 -> 0.039170383 | K31: =Kompilirano!BX19 -> 0.082514448
B32: VeryBad | C32: =Kompilirano!G81 -> 36 | D32: =E32/227 -> 434.38502 | E32: =Kompilirano!AA81 -> 98605.4 | F32: =Kompilirano!Q81 -> 66.8 | G32: =Kompilirano!AI81 -> 27482 | H32: =Kompilirano!AT81 -> 0.60400442 | I32: =Kompilirano!BD81 -> 0.70442478 | J32: =Kompilirano!BN81 -> 0.089768998 | K32: =Kompilirano!BX81 -> 0.021408196
B33: Soft Go By Majority: 40 | C33: =Kompilirano!G97 -> 35.2 | D33: =E33/227 -> 434.08458 | E33: =Kompilirano!AA97 -> 98537.2 | F33: =Kompilirano!Q97 -> 69.6 | G33: =Kompilirano!AI97 -> 26430.8 | H33: =Kompilirano!AT97 -> 0.58081416 | I33: =Kompilirano!BD97 -> 0.6920354 | J33: =Kompilirano!BN97 -> 0.08689297 | K33: =Kompilirano!BX97 -> 0.034735413
B34: Doubler | C34: =Kompilirano!G72 -> 33.4 | D34: =E34/227 -> 433.99648 | E34: =Kompilirano!AA72 -> 98517.2 | F34: =Kompilirano!Q72 -> 37 | G34: =Kompilirano!AI72 -> 27359.2 | H34: =Kompilirano!AT72 -> 0.60130973 | I34: =Kompilirano!BD72 -> 0.83628319 | J34: =Kompilirano!BN72 -> 0.087694734 | K34: =Kompilirano!BX72 -> 0.028778927
B35: Hard Prober | C35: =Kompilirano!G140 -> 33.8 | D35: =E35/227 -> 433.9489 | E35: =Kompilirano!AA140 -> 98506.4 | F35: =Kompilirano!Q140 -> 114.8 | G35: =Kompilirano!AI140 -> 16436 | H35: =Kompilirano!AT140 -> 0.36165044 | I35: =Kompilirano!BD140 -> 0.4920354 | J35: =Kompilirano!BN140 -> 0.049283972 | K35: =Kompilirano!BX140 -> 0.048483905
B36: Soft Go By Majority: 20 | C36: =Kompilirano!G101 -> 35.8 | D36: =E36/227 -> 433.3022 | E36: =Kompilirano!AA101 -> 98359.6 | F36: =Kompilirano!Q101 -> 73.4 | G36: =Kompilirano!AI101 -> 26046 | H36: =Kompilirano!AT101 -> 0.57226549 | I36: =Kompilirano!BD101 -> 0.67522124 | J36: =Kompilirano!BN101 -> 0.08578598 | K36: =Kompilirano!BX101 -> 0.041099893
B37: Second by Harrington | C37: =Kompilirano!G105 -> 38.2 | D37: =E37/227 -> 432.72423 | E37: =Kompilirano!AA105 -> 98228.4 | F37: =Kompilirano!Q105 -> 76.6 | G37: =Kompilirano!AI105 -> 27501.2 | H37: =Kompilirano!AT105 -> 0.60530531 | I37: =Kompilirano!BD105 -> 0.66106195 | J37: =Kompilirano!BN105 -> 0.080718862 | K37: =Kompilirano!BX105 -> -0.017202218
B38: Soft Go By Majority | C38: =Kompilirano!G112 -> 41.2 | D38: =E38/227 -> 432.60088 | E38: =Kompilirano!AA112 -> 98200.4 | F38: =Kompilirano!Q112 -> 69.8 | G38: =Kompilirano!AI112 -> 27285.8 | H38: =Kompilirano!AT112 -> 0.59971239 | I38: =Kompilirano!BD112 -> 0.69115044 | J38: =Kompilirano!BN112 -> 0.088541828 | K38: =Kompilirano!BX112 -> 0.022805656
B39: Contrite Tit For Tat | C39: =Kompilirano!G71 -> 40.8 | D39: =E39/227 -> 431.79031 | E39: =Kompilirano!AA71 -> 98016.4 | F39: =Kompilirano!Q71 -> 83.4 | G39: =Kompilirano!AI71 -> 23532.4 | H39: =Kompilirano!AT71 -> 0.51728761 | I39: =Kompilirano!BD71 -> 0.63097345 | J39: =Kompilirano!BN71 -> 0.075658583 | K39: =Kompilirano!BX71 -> 0.054048242
B40: CAPRI | C40: =Kompilirano!G43 -> 43.6 | D40: =E40/227 -> 431.28634 | E40: =Kompilirano!AA43 -> 97902 | F40: =Kompilirano!Q43 -> 128.6 | G40: =Kompilirano!AI43 -> 13549.4 | H40: =Kompilirano!AT43 -> 0.29702212 | I40: =Kompilirano!BD43 -> 0.43097345 | J40: =Kompilirano!BN43 -> 0.039342073 | K40: =Kompilirano!BX43 -> 0.049627635
B41: Soft Go By Majority: 10 | C41: =Kompilirano!G89 -> 49 | D41: =E41/227 -> 430.14273 | E41: =Kompilirano!AA89 -> 97642.4 | F41: =Kompilirano!Q89 -> 65 | G41: =Kompilirano!AI89 -> 25991.2 | H41: =Kompilirano!AT89 -> 0.57104425 | I41: =Kompilirano!BD89 -> 0.71238938 | J41: =Kompilirano!BN89 -> 0.08604107 | K41: =Kompilirano!BX89 -> 0.043996441
B42: PSO Gambler 2_2_2 Noise 05 | C42: =Kompilirano!G16 -> 50.8 | D42: =E42/227 -> 430.08194 | E42: =Kompilirano!AA16 -> 97628.6 | F42: =Kompilirano!Q16 -> 94.2 | G42: =Kompilirano!AI16 -> 20115.4 | H42: =Kompilirano!AT16 -> 0.44345133 | I42: =Kompilirano!BD16 -> 0.58318584 | J42: =Kompilirano!BN16 -> 0.061450469 | K42: =Kompilirano!BX16 -> 0.03375446
B43: Michaelos | C43: =Kompilirano!G32 -> 50.4 | D43: =E43/227 -> 429.95066 | E43: =Kompilirano!AA32 -> 97598.8 | F43: =Kompilirano!Q32 -> 197.2 | G43: =Kompilirano!AI32 -> 5878.4 | H43: =Kompilirano!AT32 -> 0.12946018 | I43: =Kompilirano!BD32 -> 0.12743363 | J43: =Kompilirano!BN32 -> 0.016717546 | K43: =Kompilirano!BX32 -> 0.089502658
B44: Tit For 2 Tats | C44: =Kompilirano!G115 -> 50.4 | D44: =E44/227 -> 429.75066 | E44: =Kompilirano!AA115 -> 97553.4 | F44: =Kompilirano!Q115 -> 20.2 | G44: =Kompilirano!AI115 -> 31245 | H44: =Kompilirano!AT115 -> 0.68738938 | I44: =Kompilirano!BD115 -> 0.91061947 | J44: =Kompilirano!BN115 -> 0.097273544 | K44: =Kompilirano!BX115 -> -0.0021704024
B45: Resurrection | C45: =Kompilirano!G69 -> 55 | D45: =E45/227 -> 429.69956 | E45: =Kompilirano!AA69 -> 97541.8 | F45: =Kompilirano!Q69 -> 137 | G45: =Kompilirano!AI69 -> 20779.2 | H45: =Kompilirano!AT69 -> 0.4579469 | I45: =Kompilirano!BD69 -> 0.39380531 | J45: =Kompilirano!BN69 -> 0.068267698 | K45: =Kompilirano!BX69 -> 0.076045679
B46: Fool Me Once | C46: =Kompilirano!G26 -> 51 | D46: =E46/227 -> 429.637 | E46: =Kompilirano!AA26 -> 97527.6 | F46: =Kompilirano!Q26 -> 194.4 | G46: =Kompilirano!AI26 -> 6433.8 | H46: =Kompilirano!AT26 -> 0.14165487 | I46: =Kompilirano!BD26 -> 0.13982301 | J46: =Kompilirano!BN26 -> 0.018566973 | K46: =Kompilirano!BX26 -> 0.086387342
B47: ShortMem | C47: =Kompilirano!G91 -> 51.2 | D47: =E47/227 -> 429.52423 | E47: =Kompilirano!AA91 -> 97502 | F47: =Kompilirano!Q91 -> 64.2 | G47: =Kompilirano!AI91 -> 24377 | H47: =Kompilirano!AT91 -> 0.53562832 | I47: =Kompilirano!BD91 -> 0.7159292 | J47: =Kompilirano!BN91 -> 0.081132014 | K47: =Kompilirano!BX91 -> 0.056915922
B48: ZD-GTFT-2 | C48: =Kompilirano!G35 -> 53.4 | D48: =E48/227 -> 429.52335 | E48: =Kompilirano!AA35 -> 97501.8 | F48: =Kompilirano!Q35 -> 65.4 | G48: =Kompilirano!AI35 -> 27234.8 | H48: =Kompilirano!AT35 -> 0.59933186 | I48: =Kompilirano!BD35 -> 0.71061947 | J48: =Kompilirano!BN35 -> 0.083807176 | K48: =Kompilirano!BX35 -> 0.015678365
B49: Meta Hunter | C49: =Kompilirano!G34 -> 55.2 | D49: =E49/227 -> 429.51013 | E49: =Kompilirano!AA34 -> 97498.8 | F49: =Kompilirano!Q34 -> 140.6 | G49: =Kompilirano!AI34 -> 11779.8 | H49: =Kompilirano!AT34 -> 0.25925221 | I49: =Kompilirano!BD34 -> 0.37787611 | J49: =Kompilirano!BN34 -> 0.032537078 | K49: =Kompilirano!BX34 -> 0.04524893
B50: Forgiver | C50: =Kompilirano!G84 -> 56.8 | D50: =E50/227 -> 429.45727 | E50: =Kompilirano!AA84 -> 97486.8 | F50: =Kompilirano!Q84 -> 196.6 | G50: =Kompilirano!AI84 -> 7213.4 | H50: =Kompilirano!AT84 -> 0.15831858 | I50: =Kompilirano!BD84 -> 0.1300885 | J50: =Kompilirano!BN84 -> 0.02269508 | K50: =Kompilirano!BX84 -> 0.096806905
B51: Tit For Tat | C51: =Kompilirano!G64 -> 54.6 | D51: =E51/227 -> 429.43789 | E51: =Kompilirano!AA64 -> 97482.4 | F51: =Kompilirano!Q64 -> 104.2 | G51: =Kompilirano!AI64 -> 22430 | H51: =Kompilirano!AT64 -> 0.49399558 | I51: =Kompilirano!BD64 -> 0.53893805 | J51: =Kompilirano!BN64 -> 0.072148426 | K51: =Kompilirano!BX64 -> 0.062107453
B52: Alexei | C52: =Kompilirano!G70 -> 55.2 | D52: =E52/227 -> 429.25727 | E52: =Kompilirano!AA70 -> 97441.4 | F52: =Kompilirano!Q70 -> 101 | G52: =Kompilirano!AI70 -> 22470.4 | H52: =Kompilirano!AT70 -> 0.49492035 | I52: =Kompilirano!BD70 -> 0.55309735 | J52: =Kompilirano!BN70 -> 0.072101997 | K52: =Kompilirano!BX70 -> 0.061503044
B53: First by Davis | C53: =Kompilirano!G66 -> 51 | D53: =E53/227 -> 429.22555 | E53: =Kompilirano!AA66 -> 97434.2 | F53: =Kompilirano!Q66 -> 193.2 | G53: =Kompilirano!AI66 -> 6541.4 | H53: =Kompilirano!AT66 -> 0.14411947 | I53: =Kompilirano!BD66 -> 0.14513274 | J53: =Kompilirano!BN66 -> 0.018415399 | K53: =Kompilirano!BX66 -> 0.084865006
B54: Soft Joss | C54: =Kompilirano!G48 -> 53.8 | D54: =E54/227 -> 429.22291 | E54: =Kompilirano!AA48 -> 97433.6 | F54: =Kompilirano!Q48 -> 73.8 | G54: =Kompilirano!AI48 -> 25116.2 | H54: =Kompilirano!AT48 -> 0.55282301 | I54: =Kompilirano!BD48 -> 0.67345133 | J54: =Kompilirano!BN48 -> 0.078776927 | K54: =Kompilirano!BX48 -> 0.035279218
B55: TF3 | C55: =Kompilirano!G50 -> 52.4 | D55: =E55/227 -> 429.2 | E55: =Kompilirano!AA50 -> 97428.4 | F55: =Kompilirano!Q50 -> 196.4 | G55: =Kompilirano!AI50 -> 6047.6 | H55: =Kompilirano!AT50 -> 0.1330885 | I55: =Kompilirano!BD50 -> 0.13097345 | J55: =Kompilirano!BN50 -> 0.017197695 | K55: =Kompilirano!BX50 -> 0.08807295
B56: Adaptive Tit For Tat | C56: =Kompilirano!G61 -> 54.4 | D56: =E56/227 -> 429.19471 | E56: =Kompilirano!AA61 -> 97427.2 | F56: =Kompilirano!Q61 -> 104 | G56: =Kompilirano!AI61 -> 22460.8 | H56: =Kompilirano!AT61 -> 0.49451327 | I56: =Kompilirano!BD61 -> 0.53982301 | J56: =Kompilirano!BN61 -> 0.072233686 | K56: =Kompilirano!BX61 -> 0.060576717
B57: Grudger | C57: =Kompilirano!G54 -> 57.6 | D57: =E57/227 -> 428.81938 | E57: =Kompilirano!AA54 -> 97342 | F57: =Kompilirano!Q54 -> 197.4 | G57: =Kompilirano!AI54 -> 5492 | H57: =Kompilirano!AT54 -> 0.12095575 | I57: =Kompilirano!BD54 -> 0.12654867 | J57: =Kompilirano!BN54 -> 0.015462901 | K57: =Kompilirano!BX54 -> 0.090481447
B58: Math Constant Hunter | C58: =Kompilirano!G60 -> 54.2 | D58: =E58/227 -> 428.77621 | E58: =Kompilirano!AA60 -> 97332.2 | F58: =Kompilirano!Q60 -> 114.2 | G58: =Kompilirano!AI60 -> 17169 | H58: =Kompilirano!AT60 -> 0.37765929 | I58: =Kompilirano!BD60 -> 0.49469027 | J58: =Kompilirano!BN60 -> 0.04629089 | K58: =Kompilirano!BX60 -> -0.0019244008
B59: Forgiving Tit For Tat | C59: =Kompilirano!G63 -> 53.6 | D59: =E59/227 -> 428.68899 | E59: =Kompilirano!AA63 -> 97312.4 | F59: =Kompilirano!Q63 -> 98.6 | G59: =Kompilirano!AI63 -> 22872.8 | H59: =Kompilirano!AT63 -> 0.50365929 | I59: =Kompilirano!BD63 -> 0.56371681 | J59: =Kompilirano!BN63 -> 0.073520876 | K59: =Kompilirano!BX63 -> 0.061118518
B60: NMWE Memory One | C60: =Kompilirano!G46 -> 59 | D60: =E60/227 -> 428.57797 | E60: =Kompilirano!AA46 -> 97287.2 | F60: =Kompilirano!Q46 -> 189.6 | G60: =Kompilirano!AI46 -> 6706.4 | H60: =Kompilirano!AT46 -> 0.14772124 | I60: =Kompilirano!BD46 -> 0.16106195 | J60: =Kompilirano!BN46 -> 0.019241046 | K60: =Kompilirano!BX46 -> 0.086567773
B61: MEM2 | C61: =Kompilirano!G37 -> 57 | D61: =E61/227 -> 428.39031 | E61: =Kompilirano!AA37 -> 97244.6 | F61: =Kompilirano!Q37 -> 197.2 | G61: =Kompilirano!AI37 -> 5591 | H61: =Kompilirano!AT37 -> 0.12305752 | I61: =Kompilirano!BD37 -> 0.12743363 | J61: =Kompilirano!BN37 -> 0.01573165 | K61: =Kompilirano!BX37 -> 0.089008774
B62: Original Gradual | C62: =Kompilirano!G17 -> 59.4 | D62: =E62/227 -> 428.37357 | E62: =Kompilirano!AA17 -> 97240.8 | F62: =Kompilirano!Q17 -> 124.6 | G62: =Kompilirano!AI17 -> 17516.8 | H62: =Kompilirano!AT17 -> 0.38552212 | I62: =Kompilirano!BD17 -> 0.44867257 | J62: =Kompilirano!BN17 -> 0.053411426 | K62: =Kompilirano!BX17 -> 0.049889387
B63: FrequencyAnalyzer | C63: =Kompilirano!G55 -> 59 | D63: =E63/227 -> 427.85022 | E63: =Kompilirano!AA55 -> 97122 | F63: =Kompilirano!Q55 -> 180.6 | G63: =Kompilirano!AI55 -> 9344.2 | H63: =Kompilirano!AT55 -> 0.206 | I63: =Kompilirano!BD55 -> 0.20088496 | J63: =Kompilirano!BN55 -> 0.028726015 | K63: =Kompilirano!BX55 -> 0.090421991
B64: First by Feld | C64: =Kompilirano!G155 -> 61.2 | D64: =E64/227 -> 427.76916 | E64: =Kompilirano!AA155 -> 97103.6 | F64: =Kompilirano!Q155 -> 149.8 | G64: =Kompilirano!AI155 -> 16771.4 | H64: =Kompilirano!AT155 -> 0.36985398 | I64: =Kompilirano!BD155 -> 0.33716814 | J64: =Kompilirano!BN155 -> 0.053372759 | K64: =Kompilirano!BX155 -> 0.08039023
B65: SpitefulCC | C65: =Kompilirano!G57 -> 63 | D65: =E65/227 -> 427.48811 | E65: =Kompilirano!AA57 -> 97039.8 | F65: =Kompilirano!Q57 -> 199.6 | G65: =Kompilirano!AI57 -> 5532.6 | H65: =Kompilirano!AT57 -> 0.12187168 | I65: =Kompilirano!BD57 -> 0.11681416 | J65: =Kompilirano!BN57 -> 0.015647437 | K65: =Kompilirano!BX57 -> 0.090200493
B66: Second by Tideman and Chieruzzi | C66: =Kompilirano!G44 -> 64.6 | D66: =E66/227 -> 427.21498 | E66: =Kompilirano!AA44 -> 96977.8 | F66: =Kompilirano!Q44 -> 132.2 | G66: =Kompilirano!AI44 -> 19415.2 | H66: =Kompilirano!AT44 -> 0.42792478 | I66: =Kompilirano!BD44 -> 0.41504425 | J66: =Kompilirano!BN44 -> 0.061083391 | K66: =Kompilirano!BX44 -> 0.052081254
B67: Prober 3 | C67: =Kompilirano!G153 -> 66 | D67: =E67/227 -> 426.9859 | E67: =Kompilirano!AA153 -> 96925.8 | F67: =Kompilirano!Q153 -> 137.8 | G67: =Kompilirano!AI153 -> 12251 | H67: =Kompilirano!AT153 -> 0.27059292 | I67: =Kompilirano!BD153 -> 0.39026549 | J67: =Kompilirano!BN153 -> 0.03622308 | K67: =Kompilirano!BX153 -> 0.063192165
B68: Second by WmAdams | C68: =Kompilirano!G41 -> 66 | D68: =E68/227 -> 426.79207 | E68: =Kompilirano!AA41 -> 96881.8 | F68: =Kompilirano!Q41 -> 82.2 | G68: =Kompilirano!AI41 -> 22771.6 | H68: =Kompilirano!AT41 -> 0.50110177 | I68: =Kompilirano!BD41 -> 0.63628319 | J68: =Kompilirano!BN41 -> 0.071733376 | K68: =Kompilirano!BX41 -> 0.050014215
B69: Adaptive | C69: =Kompilirano!G145 -> 65 | D69: =E69/227 -> 426.43348 | E69: =Kompilirano!AA145 -> 96800.4 | F69: =Kompilirano!Q145 -> 143.6 | G69: =Kompilirano!AI145 -> 15683.4 | H69: =Kompilirano!AT145 -> 0.34376106 | I69: =Kompilirano!BD145 -> 0.36460177 | J69: =Kompilirano!BN145 -> 0.042595925 | K69: =Kompilirano!BX145 -> 0.015383511
B70: DoubleResurrection | C70: =Kompilirano!G144 -> 72.2 | D70: =E70/227 -> 426.20176 | E70: =Kompilirano!AA144 -> 96747.8 | F70: =Kompilirano!Q144 -> 102.8 | G70: =Kompilirano!AI144 -> 22027.8 | H70: =Kompilirano!AT144 -> 0.48513717 | I70: =Kompilirano!BD144 -> 0.54513274 | J70: =Kompilirano!BN144 -> 0.069106572 | K70: =Kompilirano!BX144 -> 0.050468478
B71: Evolved HMM 5 | C71: =Kompilirano!G6 -> 71.6 | D71: =E71/227 -> 426.18678 | E71: =Kompilirano!AA6 -> 96744.4 | F71: =Kompilirano!Q6 -> 103.6 | G71: =Kompilirano!AI6 -> 15627 | H71: =Kompilirano!AT6 -> 0.34381858 | I71: =Kompilirano!BD6 -> 0.54159292 | J71: =Kompilirano!BN6 -> 0.042351858 | K71: =Kompilirano!BX6 -> 0.011336801
B72: Second by Eatherley | C72: =Kompilirano!G68 -> 72 | D72: =E72/227 -> 425.95242 | E72: =Kompilirano!AA68 -> 96691.2 | F72: =Kompilirano!Q68 -> 24.2 | G72: =Kompilirano!AI68 -> 32283 | H72: =Kompilirano!AT68 -> 0.71030531 | I72: =Kompilirano!BD68 -> 0.89292035 | J72: =Kompilirano!BN68 -> 0.098587817 | K72: =Kompilirano!BX68 -> -0.018109665
B73: AdaptorBrief | C73: =Kompilirano!G122 -> 70.6 | D73: =E73/227 -> 425.90132 | E73: =Kompilirano!AA122 -> 96679.6 | F73: =Kompilirano!Q122 -> 191 | G73: =Kompilirano!AI122 -> 10159.6 | H73: =Kompilirano!AT122 -> 0.22327434 | I73: =Kompilirano!BD122 -> 0.15486726 | J73: =Kompilirano!BN122 -> 0.031386922 | K73: =Kompilirano!BX122 -> 0.087588334
B74: Prober 4 | C74: =Kompilirano!G164 -> 71.6 | D74: =E74/227 -> 425.85286 | E74: =Kompilirano!AA164 -> 96668.6 | F74: =Kompilirano!Q164 -> 147 | G74: =Kompilirano!AI164 -> 10640.4 | H74: =Kompilirano!AT164 -> 0.2330177 | I74: =Kompilirano!BD164 -> 0.34955752 | J74: =Kompilirano!BN164 -> 0.03062963 | K74: =Kompilirano!BX164 -> 0.063236734
B75: Meta Winner Memory One | C75: =Kompilirano!G193 -> 74 | D75: =E75/227 -> 425.83084 | E75: =Kompilirano!AA193 -> 96663.6 | F75: =Kompilirano!Q193 -> 197.2 | G75: =Kompilirano!AI193 -> 5145.2 | H75: =Kompilirano!AT193 -> 0.11330531 | I75: =Kompilirano!BD193 -> 0.12743363 | J75: =Kompilirano!BN193 -> 0.014449559 | K75: =Kompilirano!BX193 -> 0.092284451
B76: Meta Majority Memory One | C76: =Kompilirano!G106 -> 70.4 | D76: =E76/227 -> 425.67048 | E76: =Kompilirano!AA106 -> 96627.2 | F76: =Kompilirano!Q106 -> 128.6 | G76: =Kompilirano!AI106 -> 20515.8 | H76: =Kompilirano!AT106 -> 0.45251327 | I76: =Kompilirano!BD106 -> 0.43097345 | J76: =Kompilirano!BN106 -> 0.066515363 | K76: =Kompilirano!BX106 -> 0.073915393
B77: Hard Tit For 2 Tats | C77: =Kompilirano!G100 -> 73 | D77: =E77/227 -> 425.58238 | E77: =Kompilirano!AA100 -> 96607.2 | F77: =Kompilirano!Q100 -> 28.4 | G77: =Kompilirano!AI100 -> 27113 | H77: =Kompilirano!AT100 -> 0.59627434 | I77: =Kompilirano!BD100 -> 0.87433628 | J77: =Kompilirano!BN100 -> 0.087267707 | K77: =Kompilirano!BX100 -> 0.031259147
B78: Second by Black | C78: =Kompilirano!G87 -> 76.4 | D78: =E78/227 -> 425.17269 | E78: =Kompilirano!AA87 -> 96514.2 | F78: =Kompilirano!Q87 -> 24.4 | G78: =Kompilirano!AI87 -> 30748.2 | H78: =Kompilirano!AT87 -> 0.67635841 | I78: =Kompilirano!BD87 -> 0.8920354 | J78: =Kompilirano!BN87 -> 0.095458108 | K78: =Kompilirano!BX87 -> -0.0052227642
B79: Soft Go By Majority: 5 | C79: =Kompilirano!G93 -> 78.8 | D79: =E79/227 -> 424.66344 | E79: =Kompilirano!AA93 -> 96398.6 | F79: =Kompilirano!Q93 -> 96.2 | G79: =Kompilirano!AI93 -> 22738.8 | H79: =Kompilirano!AT93 -> 0.49956637 | I79: =Kompilirano!BD93 -> 0.57433628 | J79: =Kompilirano!BN93 -> 0.075987367 | K79: =Kompilirano!BX93 -> 0.071587354
B80: GTFT | C80: =Kompilirano!G59 -> 82.2 | D80: =E80/227 -> 424.28546 | E80: =Kompilirano!AA59 -> 96312.8 | F80: =Kompilirano!Q59 -> 51.4 | G80: =Kompilirano!AI59 -> 30077 | H80: =Kompilirano!AT59 -> 0.66193805 | I80: =Kompilirano!BD59 -> 0.77256637 | J80: =Kompilirano!BN59 -> 0.090712795 | K80: =Kompilirano!BX59 -> -0.008626947
B81: Meta Hunter Aggressive | C81: =Kompilirano!G172 -> 78.4 | D81: =E81/227 -> 424.06256 | E81: =Kompilirano!AA172 -> 96262.2 | F81: =Kompilirano!Q172 -> 136.8 | G81: =Kompilirano!AI172 -> 10981.8 | H81: =Kompilirano!AT172 -> 0.24189381 | I81: =Kompilirano!BD172 -> 0.39469027 | J81: =Kompilirano!BN172 -> 0.029787382 | K81: =Kompilirano!BX172 -> 0.047197167
B82: Calculator | C82: =Kompilirano!G170 -> 83.2 | D82: =E82/227 -> 423.99295 | E82: =Kompilirano!AA170 -> 96246.4 | F82: =Kompilirano!Q170 -> 105.4 | G82: =Kompilirano!AI170 -> 21092.6 | H82: =Kompilirano!AT170 -> 0.46476549 | I82: =Kompilirano!BD170 -> 0.53362832 | J82: =Kompilirano!BN170 -> 0.067452411 | K82: =Kompilirano!BX170 -> 0.066256211
B83: Burn Both Ends | C83: =Kompilirano!G176 -> 83.4 | D83: =E83/227 -> 423.85903 | E83: =Kompilirano!AA176 -> 96216 | F83: =Kompilirano!Q176 -> 131.2 | G83: =Kompilirano!AI176 -> 19505.8 | H83: =Kompilirano!AT176 -> 0.42974779 | I83: =Kompilirano!BD176 -> 0.41946903 | J83: =Kompilirano!BN176 -> 0.062654649 | K83: =Kompilirano!BX176 -> 0.075198905
B84: Remorseful Prober | C84: =Kompilirano!G146 -> 86.6 | D84: =E84/227 -> 423.68546 | E84: =Kompilirano!AA146 -> 96176.6 | F84: =Kompilirano!Q146 -> 116.2 | G84: =Kompilirano!AI146 -> 20291.4 | H84: =Kompilirano!AT146 -> 0.4469469 | I84: =Kompilirano!BD146 -> 0.48584071 | J84: =Kompilirano!BN146 -> 0.065004099 | K84: =Kompilirano!BX146 -> 0.069075558
B85: Detective | C85: =Kompilirano!G151 -> 81.4 | D85: =E85/227 -> 423.6793 | E85: =Kompilirano!AA151 -> 96175.2 | F85: =Kompilirano!Q151 -> 116.6 | G85: =Kompilirano!AI151 -> 17579.2 | H85: =Kompilirano!AT151 -> 0.3869823 | I85: =Kompilirano!BD151 -> 0.4840708 | J85: =Kompilirano!BN151 -> 0.054094924 | K85: =Kompilirano!BX151 -> 0.062752692
B86: Second by Weiner | C86: =Kompilirano!G40 -> 84.4 | D86: =E86/227 -> 423.50749 | E86: =Kompilirano!AA40 -> 96136.2 | F86: =Kompilirano!Q40 -> 197.6 | G86: =Kompilirano!AI40 -> 14441.6 | H86: =Kompilirano!AT40 -> 0.31872124 | I86: =Kompilirano!BD40 -> 0.12566372 | J86: =Kompilirano!BN40 -> 0.050049385 | K86: =Kompilirano!BX40 -> 0.10862968
B87: First by Tideman and Chieruzzi | C87: =Kompilirano!G86 -> 83.2 | D87: =E87/227 -> 423.49868 | E87: =Kompilirano!AA86 -> 96134.2 | F87: =Kompilirano!Q86 -> 169.2 | G87: =Kompilirano!AI86 -> 14712.2 | H87: =Kompilirano!AT86 -> 0.32475221 | I87: =Kompilirano!BD86 -> 0.25132743 | J87: =Kompilirano!BN86 -> 0.048944196 | K87: =Kompilirano!BX86 -> 0.097352252
B88: Prober | C88: =Kompilirano!G148 -> 91.2 | D88: =E88/227 -> 422.74449 | E88: =Kompilirano!AA148 -> 95963 | F88: =Kompilirano!Q148 -> 123.8 | G88: =Kompilirano!AI148 -> 15300.2 | H88: =Kompilirano!AT148 -> 0.33799558 | I88: =Kompilirano!BD148 -> 0.45221239 | J88: =Kompilirano!BN148 -> 0.0463696 | K88: =Kompilirano!BX148 -> 0.061949117
B89: Retaliate 3 | C89: =Kompilirano!G88 -> 93.2 | D89: =E89/227 -> 422.57797 | E89: =Kompilirano!AA88 -> 95925.2 | F89: =Kompilirano!Q88 -> 197.4 | G89: =Kompilirano!AI88 -> 6349.4 | H89: =Kompilirano!AT88 -> 0.1399292 | I89: =Kompilirano!BD88 -> 0.12654867 | J89: =Kompilirano!BN88 -> 0.019327875 | K89: =Kompilirano!BX88 -> 0.099168477
B90: Naive Prober | C90: =Kompilirano!G175 -> 94.4 | D90: =E90/227 -> 422.04405 | E90: =Kompilirano!AA175 -> 95804 | F90: =Kompilirano!Q175 -> 129.2 | G90: =Kompilirano!AI175 -> 19337.2 | H90: =Kompilirano!AT175 -> 0.42622566 | I90: =Kompilirano!BD175 -> 0.42831858 | J90: =Kompilirano!BN175 -> 0.062012842 | K90: =Kompilirano!BX175 -> 0.075662256
B91: First by Shubik | C91: =Kompilirano!G31 -> 95.8 | D91: =E91/227 -> 422.00088 | E91: =Kompilirano!AA31 -> 95794.2 | F91: =Kompilirano!Q31 -> 151 | G91: =Kompilirano!AI31 -> 13474 | H91: =Kompilirano!AT31 -> 0.29712832 | I91: =Kompilirano!BD31 -> 0.33185841 | J91: =Kompilirano!BN31 -> 0.042344821 | K91: =Kompilirano!BX31 -> 0.084096963
B92: Second by Getzler | C92: =Kompilirano!G107 -> 94.4 | D92: =E92/227 -> 421.92863 | E92: =Kompilirano!AA107 -> 95777.8 | F92: =Kompilirano!Q107 -> 95.6 | G92: =Kompilirano!AI107 -> 22180 | H92: =Kompilirano!AT107 -> 0.48823009 | I92: =Kompilirano!BD107 -> 0.57699115 | J92: =Kompilirano!BN107 -> 0.071651907 | K92: =Kompilirano!BX107 -> 0.060630071
B93: Slow Tit For Two Tats 2 | C93: =Kompilirano!G103 -> 97.4 | D93: =E93/227 -> 421.81498 | E93: =Kompilirano!AA103 -> 95752 | F93: =Kompilirano!Q103 -> 96.8 | G93: =Kompilirano!AI103 -> 22355.8 | H93: =Kompilirano!AT103 -> 0.49250442 | I93: =Kompilirano!BD103 -> 0.57168142 | J93: =Kompilirano!BN103 -> 0.073522182 | K93: =Kompilirano!BX103 -> 0.068020062
B94: Aggravater | C94: =Kompilirano!G212 -> 95.2 | D94: =E94/227 -> 421.78502 | E94: =Kompilirano!AA212 -> 95745.2 | F94: =Kompilirano!Q212 -> 197 | G94: =Kompilirano!AI212 -> 4775.6 | H94: =Kompilirano!AT212 -> 0.10520796 | I94: =Kompilirano!BD212 -> 0.12831858 | J94: =Kompilirano!BN212 -> 0.013545494 | K94: =Kompilirano!BX212 -> 0.09527717
B95: Forgetful Fool Me Once | C95: =Kompilirano!G27 -> 95.6 | D95: =E95/227 -> 421.78238 | E95: =Kompilirano!AA27 -> 95744.6 | F95: =Kompilirano!Q27 -> 139.2 | G95: =Kompilirano!AI27 -> 14524.6 | H95: =Kompilirano!AT27 -> 0.32000442 | I95: =Kompilirano!BD27 -> 0.3840708 | J95: =Kompilirano!BN27 -> 0.044955035 | K95: =Kompilirano!BX27 -> 0.067310002
B96: Second by Appold | C96: =Kompilirano!G108 -> 95.6 | D96: =E96/227 -> 421.70749 | E96: =Kompilirano!AA108 -> 95727.6 | F96: =Kompilirano!Q108 -> 78.6 | G96: =Kompilirano!AI108 -> 24119.8 | H96: =Kompilirano!AT108 -> 0.53042478 | I96: =Kompilirano!BD108 -> 0.65221239 | J96: =Kompilirano!BN108 -> 0.076375661 | K96: =Kompilirano!BX108 -> 0.035970212
B97: Raider | C97: =Kompilirano!G127 -> 96.2 | D97: =E97/227 -> 421.66079 | E97: =Kompilirano!AA127 -> 95717 | F97: =Kompilirano!Q127 -> 96 | G97: =Kompilirano!AI127 -> 18627.6 | H97: =Kompilirano!AT127 -> 0.41011504 | I97: =Kompilirano!BD127 -> 0.57522124 | J97: =Kompilirano!BN127 -> 0.057817819 | K97: =Kompilirano!BX127 -> 0.054225562
B98: N Tit(s) For M Tat(s) | C98: =Kompilirano!G114 -> 95.8 | D98: =E98/227 -> 421.6185 | E98: =Kompilirano!AA114 -> 95707.4 | F98: =Kompilirano!Q114 -> 91.2 | G98: =Kompilirano!AI114 -> 22883.4 | H98: =Kompilirano!AT114 -> 0.50426106 | I98: =Kompilirano!BD114 -> 0.59646018 | J98: =Kompilirano!BN114 -> 0.075904287 | K98: =Kompilirano!BX114 -> 0.069059867
B99: MAB | C99: =Kompilirano!G190 -> 98.8 | D99: =E99/227 -> 421.49956 | E99: =Kompilirano!AA190 -> 95680.4 | F99: =Kompilirano!Q190 -> 144.8 | G99: =Kompilirano!AI190 -> 9297.6 | H99: =Kompilirano!AT190 -> 0.2045885 | I99: =Kompilirano!BD190 -> 0.35929204 | J99: =Kompilirano!BN190 -> 0.026396599 | K99: =Kompilirano!BX190 -> 0.068859484
B100: Once Bitten | C100: =Kompilirano!G76 -> 99 | D100: =E100/227 -> 421.33921 | E100: =Kompilirano!AA76 -> 95644 | F100: =Kompilirano!Q76 -> 147.2 | G100: =Kompilirano!AI76 -> 18263.6 | H100: =Kompilirano!AT76 -> 0.40322124 | I100: =Kompilirano!BD76 -> 0.34867257 | J100: =Kompilirano!BN76 -> 0.060782607 | K100: =Kompilirano!BX76 -> 0.080775918
B101: First by Joss | C101: =Kompilirano!G174 -> 99.4 | D101: =E101/227 -> 421.26872 | E101: =Kompilirano!AA174 -> 95628 | F101: =Kompilirano!Q174 -> 130.2 | G101: =Kompilirano!AI174 -> 19321 | H101: =Kompilirano!AT174 -> 0.42574779 | I101: =Kompilirano!BD174 -> 0.42389381 | J101: =Kompilirano!BN174 -> 0.062283639 | K101: =Kompilirano!BX174 -> 0.076802993
...
